指标名称,原油：常减压：独立炼厂：装置毛利：中国（周）,原油：炼油工序：毛利：中国：主营炼厂（周）,原油：炼油工序：毛利：山东：独立炼厂（周）,柴油：裂解：价差：中国：主营销售公司（日）,汽油：裂解：价差：中国：主营销售公司（日）,,,,
2019/01/04,485.974,454.86,#N/A,#N/A,#N/A,,,,
2019/01/05,#N/A,#N/A,#N/A,#N/A,#N/A,,,,
2019/01/06,#N/A,#N/A,#N/A,#N/A,#N/A,,,,
2019/01/07,#N/A,#N/A,#N/A,#N/A,#N/A,,,,
2019/01/08,#N/A,#N/A,#N/A,#N/A,#N/A,,,,
2019/01/09,#N/A,#N/A,#N/A,#N/A,#N/A,,,,
2019/01/10,#N/A,#N/A,#N/A,#N/A,#N/A,,,,
2019/01/11,230.58,335.49,#N/A,#N/A,#N/A,,,,
2019/01/12,#N/A,#N/A,#N/A,#N/A,#N/A,,,,
2019/01/13,#N/A,#N/A,#N/A,#N/A,#N/A,,,,
2019/01/14,#N/A,#N/A,#N/A,#N/A,#N/A,,,,
2019/01/15,#N/A,#N/A,#N/A,#N/A,#N/A,,,,
2019/01/16,#N/A,#N/A,#N/A,#N/A,#N/A,,,,
2019/01/17,#N/A,#N/A,#N/A,#N/A,#N/A,,,,
2019/01/18,360.979,301.62,#N/A,#N/A,#N/A,,,,
2019/01/19,#N/A,#N/A,#N/A,#N/A,#N/A,,,,
2019/01/20,#N/A,#N/A,#N/A,#N/A,#N/A,,,,
2019/01/21,#N/A,#N/A,#N/A,#N/A,#N/A,,,,
2019/01/22,#N/A,#N/A,#N/A,#N/A,#N/A,,,,
2019/01/23,#N/A,#N/A,#N/A,#N/A,#N/A,,,,
2019/01/24,#N/A,#N/A,#N/A,#N/A,#N/A,,,,
2019/01/25,174.626,205.09,#N/A,#N/A,#N/A,,,,
2019/01/26,#N/A,#N/A,#N/A,#N/A,#N/A,,,,
2019/01/27,#N/A,#N/A,#N/A,#N/A,#N/A,,,,
2019/01/28,#N/A,#N/A,#N/A,#N/A,#N/A,,,,
2019/01/29,#N/A,#N/A,#N/A,#N/A,#N/A,,,,
2019/01/30,#N/A,#N/A,#N/A,#N/A,#N/A,,,,
2019/01/31,#N/A,#N/A,#N/A,#N/A,#N/A,,,,
2019/02/01,-376.4129115,281.15,#N/A,#N/A,#N/A,,,,
2019/02/02,#N/A,#N/A,#N/A,#N/A,#N/A,,,,
2019/02/03,#N/A,#N/A,#N/A,#N/A,#N/A,,,,
2019/02/04,#N/A,#N/A,#N/A,#N/A,#N/A,,,,
2019/02/05,#N/A,#N/A,#N/A,#N/A,#N/A,,,,
2019/02/06,#N/A,#N/A,#N/A,#N/A,#N/A,,,,
2019/02/07,#N/A,#N/A,#N/A,#N/A,#N/A,,,,
2019/02/08,-145,201,#N/A,#N/A,#N/A,,,,
2019/02/09,#N/A,#N/A,#N/A,#N/A,#N/A,,,,
2019/02/10,#N/A,#N/A,#N/A,#N/A,#N/A,,,,
2019/02/11,#N/A,#N/A,#N/A,#N/A,#N/A,,,,
2019/02/12,#N/A,#N/A,#N/A,#N/A,#N/A,,,,
2019/02/13,#N/A,#N/A,#N/A,#N/A,#N/A,,,,
2019/02/14,#N/A,#N/A,#N/A,#N/A,#N/A,,,,
2019/02/15,-205,164.33,#N/A,#N/A,#N/A,,,,
2019/02/16,#N/A,#N/A,#N/A,#N/A,#N/A,,,,
2019/02/17,#N/A,#N/A,#N/A,#N/A,#N/A,,,,
2019/02/18,#N/A,#N/A,#N/A,#N/A,#N/A,,,,
2019/02/19,#N/A,#N/A,#N/A,#N/A,#N/A,,,,
2019/02/20,#N/A,#N/A,#N/A,#N/A,#N/A,,,,
2019/02/21,#N/A,#N/A,#N/A,#N/A,#N/A,,,,
2019/02/22,-265,-4.2,#N/A,#N/A,#N/A,,,,
2019/02/23,#N/A,#N/A,#N/A,#N/A,#N/A,,,,
2019/02/24,#N/A,#N/A,#N/A,#N/A,#N/A,,,,
2019/02/25,#N/A,#N/A,#N/A,#N/A,#N/A,,,,
2019/02/26,#N/A,#N/A,#N/A,#N/A,#N/A,,,,
2019/02/27,#N/A,#N/A,#N/A,#N/A,#N/A,,,,
2019/02/28,#N/A,#N/A,#N/A,#N/A,#N/A,,,,
2019/03/01,-320,106.69,#N/A,#N/A,#N/A,,,,
2019/03/02,#N/A,#N/A,#N/A,#N/A,#N/A,,,,
2019/03/03,#N/A,#N/A,#N/A,#N/A,#N/A,,,,
2019/03/04,#N/A,#N/A,#N/A,#N/A,#N/A,,,,
2019/03/05,#N/A,#N/A,#N/A,#N/A,#N/A,,,,
2019/03/06,#N/A,#N/A,#N/A,#N/A,#N/A,,,,
2019/03/07,#N/A,#N/A,#N/A,#N/A,#N/A,,,,
2019/03/08,-355,212.31,#N/A,#N/A,#N/A,,,,
2019/03/09,#N/A,#N/A,#N/A,#N/A,#N/A,,,,
2019/03/10,#N/A,#N/A,#N/A,#N/A,#N/A,,,,
2019/03/11,#N/A,#N/A,#N/A,#N/A,#N/A,,,,
2019/03/12,#N/A,#N/A,#N/A,#N/A,#N/A,,,,
2019/03/13,#N/A,#N/A,#N/A,#N/A,#N/A,,,,
2019/03/14,#N/A,#N/A,#N/A,#N/A,#N/A,,,,
2019/03/15,-608.4039829,114.76,#N/A,#N/A,#N/A,,,,
2019/03/16,#N/A,#N/A,#N/A,#N/A,#N/A,,,,
2019/03/17,#N/A,#N/A,#N/A,#N/A,#N/A,,,,
2019/03/18,#N/A,#N/A,#N/A,#N/A,#N/A,,,,
2019/03/19,#N/A,#N/A,#N/A,#N/A,#N/A,,,,
2019/03/20,#N/A,#N/A,#N/A,#N/A,#N/A,,,,
2019/03/21,#N/A,#N/A,#N/A,#N/A,#N/A,,,,
2019/03/22,-509.1286372,78.17,#N/A,#N/A,#N/A,,,,
2019/03/23,#N/A,#N/A,#N/A,#N/A,#N/A,,,,
2019/03/24,#N/A,#N/A,#N/A,#N/A,#N/A,,,,
2019/03/25,#N/A,#N/A,#N/A,#N/A,#N/A,,,,
2019/03/26,#N/A,#N/A,#N/A,#N/A,#N/A,,,,
2019/03/27,#N/A,#N/A,#N/A,#N/A,#N/A,,,,
2019/03/28,#N/A,#N/A,#N/A,#N/A,#N/A,,,,
2019/03/29,-492.3954735,59.14,#N/A,#N/A,#N/A,,,,
2019/03/30,#N/A,#N/A,#N/A,#N/A,#N/A,,,,
2019/03/31,#N/A,#N/A,#N/A,#N/A,#N/A,,,,
2019/04/01,#N/A,#N/A,#N/A,#N/A,#N/A,,,,
2019/04/02,#N/A,#N/A,#N/A,#N/A,#N/A,,,,
2019/04/03,#N/A,#N/A,#N/A,#N/A,#N/A,,,,
2019/04/04,#N/A,#N/A,#N/A,#N/A,#N/A,,,,
2019/04/05,-402.4710752,128.39,#N/A,#N/A,#N/A,,,,
2019/04/06,#N/A,#N/A,#N/A,#N/A,#N/A,,,,
2019/04/07,#N/A,#N/A,#N/A,#N/A,#N/A,,,,
2019/04/08,#N/A,#N/A,#N/A,#N/A,#N/A,,,,
2019/04/09,#N/A,#N/A,#N/A,#N/A,#N/A,,,,
2019/04/10,#N/A,#N/A,#N/A,#N/A,#N/A,,,,
2019/04/11,#N/A,#N/A,#N/A,#N/A,#N/A,,,,
2019/04/12,-506.824848,85.31,#N/A,#N/A,#N/A,,,,
2019/04/13,#N/A,#N/A,#N/A,#N/A,#N/A,,,,
2019/04/14,#N/A,#N/A,#N/A,#N/A,#N/A,,,,
2019/04/15,#N/A,#N/A,#N/A,#N/A,#N/A,,,,
2019/04/16,#N/A,#N/A,#N/A,#N/A,#N/A,,,,
2019/04/17,#N/A,#N/A,#N/A,#N/A,#N/A,,,,
2019/04/18,#N/A,#N/A,#N/A,#N/A,#N/A,,,,
2019/04/19,-586.6492566,58.17,#N/A,#N/A,#N/A,,,,
2019/04/20,#N/A,#N/A,#N/A,#N/A,#N/A,,,,
2019/04/21,#N/A,#N/A,#N/A,#N/A,#N/A,,,,
2019/04/22,#N/A,#N/A,#N/A,#N/A,#N/A,,,,
2019/04/23,#N/A,#N/A,#N/A,#N/A,#N/A,,,,
2019/04/24,#N/A,#N/A,#N/A,#N/A,#N/A,,,,
2019/04/25,#N/A,#N/A,#N/A,#N/A,#N/A,,,,
2019/04/26,-568.1114806,-116.28,#N/A,#N/A,#N/A,,,,
2019/04/27,#N/A,#N/A,#N/A,#N/A,#N/A,,,,
2019/04/28,#N/A,#N/A,#N/A,#N/A,#N/A,,,,
2019/04/29,#N/A,#N/A,#N/A,#N/A,#N/A,,,,
2019/04/30,#N/A,#N/A,#N/A,#N/A,#N/A,,,,
2019/05/01,#N/A,#N/A,#N/A,#N/A,#N/A,,,,
2019/05/02,#N/A,#N/A,#N/A,#N/A,#N/A,,,,
2019/05/03,-668.537651,22.46,#N/A,#N/A,#N/A,,,,
2019/05/04,#N/A,#N/A,#N/A,#N/A,#N/A,,,,
2019/05/05,#N/A,#N/A,#N/A,#N/A,#N/A,,,,
2019/05/06,#N/A,#N/A,#N/A,#N/A,#N/A,,,,
2019/05/07,#N/A,#N/A,#N/A,#N/A,#N/A,,,,
2019/05/08,#N/A,#N/A,#N/A,#N/A,#N/A,,,,
2019/05/09,#N/A,#N/A,#N/A,#N/A,#N/A,,,,
2019/05/10,-674.696943,-24.95,#N/A,#N/A,#N/A,,,,
2019/05/11,#N/A,#N/A,#N/A,#N/A,#N/A,,,,
2019/05/12,#N/A,#N/A,#N/A,#N/A,#N/A,,,,
2019/05/13,#N/A,#N/A,#N/A,#N/A,#N/A,,,,
2019/05/14,#N/A,#N/A,#N/A,#N/A,#N/A,,,,
2019/05/15,#N/A,#N/A,#N/A,#N/A,#N/A,,,,
2019/05/16,#N/A,#N/A,#N/A,#N/A,#N/A,,,,
2019/05/17,-558.3775813,-103.79,#N/A,#N/A,#N/A,,,,
2019/05/18,#N/A,#N/A,#N/A,#N/A,#N/A,,,,
2019/05/19,#N/A,#N/A,#N/A,#N/A,#N/A,,,,
2019/05/20,#N/A,#N/A,#N/A,#N/A,#N/A,,,,
2019/05/21,#N/A,#N/A,#N/A,#N/A,#N/A,,,,
2019/05/22,#N/A,#N/A,#N/A,#N/A,#N/A,,,,
2019/05/23,#N/A,#N/A,#N/A,#N/A,#N/A,,,,
2019/05/24,-581.2452589,-136.58,#N/A,#N/A,#N/A,,,,
2019/05/25,#N/A,#N/A,#N/A,#N/A,#N/A,,,,
2019/05/26,#N/A,#N/A,#N/A,#N/A,#N/A,,,,
2019/05/27,#N/A,#N/A,#N/A,#N/A,#N/A,,,,
2019/05/28,#N/A,#N/A,#N/A,#N/A,#N/A,,,,
2019/05/29,#N/A,#N/A,#N/A,#N/A,#N/A,,,,
2019/05/30,#N/A,#N/A,#N/A,#N/A,#N/A,,,,
2019/05/31,-483.2752268,-59.07,#N/A,#N/A,#N/A,,,,
2019/06/01,#N/A,#N/A,#N/A,#N/A,#N/A,,,,
2019/06/02,#N/A,#N/A,#N/A,#N/A,#N/A,,,,
2019/06/03,#N/A,#N/A,#N/A,#N/A,#N/A,,,,
2019/06/04,#N/A,#N/A,#N/A,#N/A,#N/A,,,,
2019/06/05,#N/A,#N/A,#N/A,#N/A,#N/A,,,,
2019/06/06,#N/A,#N/A,#N/A,#N/A,#N/A,,,,
2019/06/07,-240.2061528,169.04,#N/A,#N/A,#N/A,,,,
2019/06/08,#N/A,#N/A,#N/A,#N/A,#N/A,,,,
2019/06/09,#N/A,#N/A,#N/A,#N/A,#N/A,,,,
2019/06/10,#N/A,#N/A,#N/A,#N/A,#N/A,,,,
2019/06/11,#N/A,#N/A,#N/A,#N/A,#N/A,,,,
2019/06/12,#N/A,#N/A,#N/A,#N/A,#N/A,,,,
2019/06/13,#N/A,#N/A,#N/A,#N/A,#N/A,,,,
2019/06/14,-249.214905,109.71,#N/A,#N/A,#N/A,,,,
2019/06/15,#N/A,#N/A,#N/A,#N/A,#N/A,,,,
2019/06/16,#N/A,#N/A,#N/A,#N/A,#N/A,,,,
2019/06/17,#N/A,#N/A,#N/A,#N/A,#N/A,,,,
2019/06/18,#N/A,#N/A,#N/A,#N/A,#N/A,,,,
2019/06/19,#N/A,#N/A,#N/A,#N/A,#N/A,,,,
2019/06/20,#N/A,#N/A,#N/A,#N/A,#N/A,,,,
2019/06/21,-286.252531,33.15,#N/A,#N/A,#N/A,,,,
2019/06/22,#N/A,#N/A,#N/A,#N/A,#N/A,,,,
2019/06/23,#N/A,#N/A,#N/A,#N/A,#N/A,,,,
2019/06/24,#N/A,#N/A,#N/A,#N/A,#N/A,,,,
2019/06/25,#N/A,#N/A,#N/A,#N/A,#N/A,,,,
2019/06/26,#N/A,#N/A,#N/A,#N/A,#N/A,,,,
2019/06/27,#N/A,#N/A,#N/A,#N/A,#N/A,,,,
2019/06/28,-397.099425,-65.48,#N/A,#N/A,#N/A,,,,
2019/06/29,#N/A,#N/A,#N/A,#N/A,#N/A,,,,
2019/06/30,#N/A,#N/A,#N/A,#N/A,#N/A,,,,
2019/07/01,#N/A,#N/A,#N/A,#N/A,#N/A,,,,
2019/07/02,#N/A,#N/A,#N/A,#N/A,#N/A,,,,
2019/07/03,#N/A,#N/A,#N/A,#N/A,#N/A,,,,
2019/07/04,#N/A,#N/A,#N/A,#N/A,#N/A,,,,
2019/07/05,-378.9458924,93.67,#N/A,#N/A,#N/A,,,,
2019/07/06,#N/A,#N/A,#N/A,#N/A,#N/A,,,,
2019/07/07,#N/A,#N/A,#N/A,#N/A,#N/A,,,,
2019/07/08,#N/A,#N/A,#N/A,#N/A,#N/A,,,,
2019/07/09,#N/A,#N/A,#N/A,#N/A,#N/A,,,,
2019/07/10,#N/A,#N/A,#N/A,#N/A,#N/A,,,,
2019/07/11,#N/A,#N/A,#N/A,#N/A,#N/A,,,,
2019/07/12,-261.8852396,122.83,#N/A,#N/A,#N/A,,,,
2019/07/13,#N/A,#N/A,#N/A,#N/A,#N/A,,,,
2019/07/14,#N/A,#N/A,#N/A,#N/A,#N/A,,,,
2019/07/15,#N/A,#N/A,#N/A,#N/A,#N/A,,,,
2019/07/16,#N/A,#N/A,#N/A,#N/A,#N/A,,,,
2019/07/17,#N/A,#N/A,#N/A,#N/A,#N/A,,,,
2019/07/18,#N/A,#N/A,#N/A,#N/A,#N/A,,,,
2019/07/19,-374.5224078,179.1,#N/A,#N/A,#N/A,,,,
2019/07/20,#N/A,#N/A,#N/A,#N/A,#N/A,,,,
2019/07/21,#N/A,#N/A,#N/A,#N/A,#N/A,,,,
2019/07/22,#N/A,#N/A,#N/A,#N/A,#N/A,,,,
2019/07/23,#N/A,#N/A,#N/A,#N/A,#N/A,,,,
2019/07/24,#N/A,#N/A,#N/A,#N/A,#N/A,,,,
2019/07/25,#N/A,#N/A,#N/A,#N/A,#N/A,,,,
2019/07/26,-152.7918156,246.12,#N/A,#N/A,#N/A,,,,
2019/07/27,#N/A,#N/A,#N/A,#N/A,#N/A,,,,
2019/07/28,#N/A,#N/A,#N/A,#N/A,#N/A,,,,
2019/07/29,#N/A,#N/A,#N/A,#N/A,#N/A,,,,
2019/07/30,#N/A,#N/A,#N/A,#N/A,#N/A,,,,
2019/07/31,#N/A,#N/A,#N/A,#N/A,#N/A,,,,
2019/08/01,#N/A,#N/A,#N/A,#N/A,#N/A,,,,
2019/08/02,-103.54,203.35,#N/A,#N/A,#N/A,,,,
2019/08/03,#N/A,#N/A,#N/A,#N/A,#N/A,,,,
2019/08/04,#N/A,#N/A,#N/A,#N/A,#N/A,,,,
2019/08/05,#N/A,#N/A,#N/A,#N/A,#N/A,,,,
2019/08/06,#N/A,#N/A,#N/A,#N/A,#N/A,,,,
2019/08/07,#N/A,#N/A,#N/A,#N/A,#N/A,,,,
2019/08/08,#N/A,#N/A,#N/A,#N/A,#N/A,,,,
2019/08/09,-49.20403878,412.54,#N/A,#N/A,#N/A,,,,
2019/08/10,#N/A,#N/A,#N/A,#N/A,#N/A,,,,
2019/08/11,#N/A,#N/A,#N/A,#N/A,#N/A,,,,
2019/08/12,#N/A,#N/A,#N/A,#N/A,#N/A,,,,
2019/08/13,#N/A,#N/A,#N/A,#N/A,#N/A,,,,
2019/08/14,#N/A,#N/A,#N/A,#N/A,#N/A,,,,
2019/08/15,#N/A,#N/A,#N/A,#N/A,#N/A,,,,
2019/08/16,-58.58539147,333.63,#N/A,#N/A,#N/A,,,,
2019/08/17,#N/A,#N/A,#N/A,#N/A,#N/A,,,,
2019/08/18,#N/A,#N/A,#N/A,#N/A,#N/A,,,,
2019/08/19,#N/A,#N/A,#N/A,#N/A,#N/A,,,,
2019/08/20,#N/A,#N/A,#N/A,#N/A,#N/A,,,,
2019/08/21,#N/A,#N/A,#N/A,#N/A,#N/A,,,,
2019/08/22,#N/A,#N/A,#N/A,#N/A,#N/A,,,,
2019/08/23,-55.75128115,308.62,#N/A,#N/A,#N/A,,,,
2019/08/24,#N/A,#N/A,#N/A,#N/A,#N/A,,,,
2019/08/25,#N/A,#N/A,#N/A,#N/A,#N/A,,,,
2019/08/26,#N/A,#N/A,#N/A,#N/A,#N/A,,,,
2019/08/27,#N/A,#N/A,#N/A,#N/A,#N/A,,,,
2019/08/28,#N/A,#N/A,#N/A,#N/A,#N/A,,,,
2019/08/29,#N/A,#N/A,#N/A,#N/A,#N/A,,,,
2019/08/30,-167.5888142,209.61,#N/A,#N/A,#N/A,,,,
2019/08/31,#N/A,#N/A,#N/A,#N/A,#N/A,,,,
2019/09/01,#N/A,#N/A,#N/A,#N/A,#N/A,,,,
2019/09/02,#N/A,#N/A,#N/A,#N/A,#N/A,,,,
2019/09/03,#N/A,#N/A,#N/A,#N/A,#N/A,,,,
2019/09/04,#N/A,#N/A,#N/A,#N/A,#N/A,,,,
2019/09/05,#N/A,#N/A,#N/A,#N/A,#N/A,,,,
2019/09/06,-193.0978055,292.59,#N/A,#N/A,#N/A,,,,
2019/09/07,#N/A,#N/A,#N/A,#N/A,#N/A,,,,
2019/09/08,#N/A,#N/A,#N/A,#N/A,#N/A,,,,
2019/09/09,#N/A,#N/A,#N/A,#N/A,#N/A,,,,
2019/09/10,#N/A,#N/A,#N/A,#N/A,#N/A,,,,
2019/09/11,#N/A,#N/A,#N/A,#N/A,#N/A,,,,
2019/09/12,#N/A,#N/A,#N/A,#N/A,#N/A,,,,
2019/09/13,-208.7598403,305.96,#N/A,#N/A,#N/A,,,,
2019/09/14,#N/A,#N/A,#N/A,#N/A,#N/A,,,,
2019/09/15,#N/A,#N/A,#N/A,#N/A,#N/A,,,,
2019/09/16,#N/A,#N/A,#N/A,#N/A,#N/A,,,,
2019/09/17,#N/A,#N/A,#N/A,#N/A,#N/A,,,,
2019/09/18,#N/A,#N/A,#N/A,#N/A,#N/A,,,,
2019/09/19,#N/A,#N/A,#N/A,#N/A,#N/A,,,,
2019/09/20,23,388.98,#N/A,#N/A,#N/A,,,,
2019/09/21,#N/A,#N/A,#N/A,#N/A,#N/A,,,,
2019/09/22,#N/A,#N/A,#N/A,#N/A,#N/A,,,,
2019/09/23,#N/A,#N/A,#N/A,#N/A,#N/A,,,,
2019/09/24,#N/A,#N/A,#N/A,#N/A,#N/A,,,,
2019/09/25,#N/A,#N/A,#N/A,#N/A,#N/A,,,,
2019/09/26,#N/A,#N/A,#N/A,#N/A,#N/A,,,,
2019/09/27,-129.564468,458.3,#N/A,#N/A,#N/A,,,,
2019/09/28,#N/A,#N/A,#N/A,#N/A,#N/A,,,,
2019/09/29,#N/A,#N/A,#N/A,#N/A,#N/A,,,,
2019/09/30,#N/A,#N/A,#N/A,#N/A,#N/A,,,,
2019/10/01,#N/A,#N/A,#N/A,#N/A,#N/A,,,,
2019/10/02,#N/A,#N/A,#N/A,#N/A,#N/A,,,,
2019/10/03,#N/A,#N/A,#N/A,#N/A,#N/A,,,,
2019/10/04,102,505,#N/A,#N/A,#N/A,,,,
2019/10/05,#N/A,#N/A,#N/A,#N/A,#N/A,,,,
2019/10/06,#N/A,#N/A,#N/A,#N/A,#N/A,,,,
2019/10/07,#N/A,#N/A,#N/A,#N/A,#N/A,,,,
2019/10/08,#N/A,#N/A,#N/A,#N/A,#N/A,,,,
2019/10/09,#N/A,#N/A,#N/A,#N/A,#N/A,,,,
2019/10/10,#N/A,#N/A,#N/A,#N/A,#N/A,,,,
2019/10/11,27.79788041,601.2,#N/A,#N/A,#N/A,,,,
2019/10/12,#N/A,#N/A,#N/A,#N/A,#N/A,,,,
2019/10/13,#N/A,#N/A,#N/A,#N/A,#N/A,,,,
2019/10/14,#N/A,#N/A,#N/A,#N/A,#N/A,,,,
2019/10/15,#N/A,#N/A,#N/A,#N/A,#N/A,,,,
2019/10/16,#N/A,#N/A,#N/A,#N/A,#N/A,,,,
2019/10/17,#N/A,#N/A,#N/A,#N/A,#N/A,,,,
2019/10/18,-107.5891967,311.54,#N/A,#N/A,#N/A,,,,
2019/10/19,#N/A,#N/A,#N/A,#N/A,#N/A,,,,
2019/10/20,#N/A,#N/A,#N/A,#N/A,#N/A,,,,
2019/10/21,#N/A,#N/A,#N/A,#N/A,#N/A,,,,
2019/10/22,#N/A,#N/A,#N/A,#N/A,#N/A,,,,
2019/10/23,#N/A,#N/A,#N/A,#N/A,#N/A,,,,
2019/10/24,#N/A,#N/A,#N/A,#N/A,#N/A,,,,
2019/10/25,-224.0007196,226.78,#N/A,#N/A,#N/A,,,,
2019/10/26,#N/A,#N/A,#N/A,#N/A,#N/A,,,,
2019/10/27,#N/A,#N/A,#N/A,#N/A,#N/A,,,,
2019/10/28,#N/A,#N/A,#N/A,#N/A,#N/A,,,,
2019/10/29,#N/A,#N/A,#N/A,#N/A,#N/A,,,,
2019/10/30,#N/A,#N/A,#N/A,#N/A,#N/A,,,,
2019/10/31,#N/A,#N/A,#N/A,#N/A,#N/A,,,,
2019/11/01,-178.1268781,153.46,#N/A,#N/A,#N/A,,,,
2019/11/02,#N/A,#N/A,#N/A,#N/A,#N/A,,,,
2019/11/03,#N/A,#N/A,#N/A,#N/A,#N/A,,,,
2019/11/04,#N/A,#N/A,#N/A,#N/A,#N/A,,,,
2019/11/05,#N/A,#N/A,#N/A,#N/A,#N/A,,,,
2019/11/06,#N/A,#N/A,#N/A,#N/A,#N/A,,,,
2019/11/07,#N/A,#N/A,#N/A,#N/A,#N/A,,,,
2019/11/08,-109.8790905,97.44,#N/A,#N/A,#N/A,,,,
2019/11/09,#N/A,#N/A,#N/A,#N/A,#N/A,,,,
2019/11/10,#N/A,#N/A,#N/A,#N/A,#N/A,,,,
2019/11/11,#N/A,#N/A,#N/A,#N/A,#N/A,,,,
2019/11/12,#N/A,#N/A,#N/A,#N/A,#N/A,,,,
2019/11/13,#N/A,#N/A,#N/A,#N/A,#N/A,,,,
2019/11/14,#N/A,#N/A,#N/A,#N/A,#N/A,,,,
2019/11/15,-251.4342835,89.68,#N/A,#N/A,#N/A,,,,
2019/11/16,#N/A,#N/A,#N/A,#N/A,#N/A,,,,
2019/11/17,#N/A,#N/A,#N/A,#N/A,#N/A,,,,
2019/11/18,#N/A,#N/A,#N/A,#N/A,#N/A,,,,
2019/11/19,#N/A,#N/A,#N/A,#N/A,#N/A,,,,
2019/11/20,#N/A,#N/A,#N/A,#N/A,#N/A,,,,
2019/11/21,#N/A,#N/A,#N/A,#N/A,#N/A,,,,
2019/11/22,-227.7038584,97.72,#N/A,#N/A,#N/A,,,,
2019/11/23,#N/A,#N/A,#N/A,#N/A,#N/A,,,,
2019/11/24,#N/A,#N/A,#N/A,#N/A,#N/A,,,,
2019/11/25,#N/A,#N/A,#N/A,#N/A,#N/A,,,,
2019/11/26,#N/A,#N/A,#N/A,#N/A,#N/A,,,,
2019/11/27,#N/A,#N/A,#N/A,#N/A,#N/A,,,,
2019/11/28,#N/A,#N/A,#N/A,#N/A,#N/A,,,,
2019/11/29,-294.8305081,63.88,#N/A,#N/A,#N/A,,,,
2019/11/30,#N/A,#N/A,#N/A,#N/A,#N/A,,,,
2019/12/01,#N/A,#N/A,#N/A,#N/A,#N/A,,,,
2019/12/02,#N/A,#N/A,#N/A,#N/A,#N/A,,,,
2019/12/03,#N/A,#N/A,#N/A,#N/A,#N/A,,,,
2019/12/04,#N/A,#N/A,#N/A,#N/A,#N/A,,,,
2019/12/05,#N/A,#N/A,#N/A,#N/A,#N/A,,,,
2019/12/06,-163.1292569,192.86,#N/A,#N/A,#N/A,,,,
2019/12/07,#N/A,#N/A,#N/A,#N/A,#N/A,,,,
2019/12/08,#N/A,#N/A,#N/A,#N/A,#N/A,,,,
2019/12/09,#N/A,#N/A,#N/A,#N/A,#N/A,,,,
2019/12/10,#N/A,#N/A,#N/A,#N/A,#N/A,,,,
2019/12/11,#N/A,#N/A,#N/A,#N/A,#N/A,,,,
2019/12/12,#N/A,#N/A,#N/A,#N/A,#N/A,,,,
2019/12/13,-313.6930265,78.14,#N/A,#N/A,#N/A,,,,
2019/12/14,#N/A,#N/A,#N/A,#N/A,#N/A,,,,
2019/12/15,#N/A,#N/A,#N/A,#N/A,#N/A,,,,
2019/12/16,#N/A,#N/A,#N/A,#N/A,#N/A,,,,
2019/12/17,#N/A,#N/A,#N/A,#N/A,#N/A,,,,
2019/12/18,#N/A,#N/A,#N/A,#N/A,#N/A,,,,
2019/12/19,#N/A,#N/A,#N/A,#N/A,#N/A,,,,
2019/12/20,-386.9366726,-4.2,#N/A,#N/A,#N/A,,,,
2019/12/21,#N/A,#N/A,#N/A,#N/A,#N/A,,,,
2019/12/22,#N/A,#N/A,#N/A,#N/A,#N/A,,,,
2019/12/23,#N/A,#N/A,#N/A,#N/A,#N/A,,,,
2019/12/24,#N/A,#N/A,#N/A,#N/A,#N/A,,,,
2019/12/25,#N/A,#N/A,#N/A,#N/A,#N/A,,,,
2019/12/26,#N/A,#N/A,#N/A,#N/A,#N/A,,,,
2019/12/27,-437.0199292,-76.1,#N/A,#N/A,#N/A,,,,
2019/12/28,#N/A,#N/A,#N/A,#N/A,#N/A,,,,
2019/12/29,#N/A,#N/A,#N/A,#N/A,#N/A,,,,
2019/12/30,#N/A,#N/A,#N/A,#N/A,#N/A,,,,
2019/12/31,#N/A,#N/A,#N/A,#N/A,#N/A,,,,
2020/01/01,#N/A,#N/A,#N/A,#N/A,#N/A,,,,
2020/01/02,#N/A,#N/A,#N/A,#N/A,#N/A,,,,
2020/01/03,-459.7768142,27.89,#N/A,#N/A,#N/A,,,,
2020/01/04,#N/A,#N/A,#N/A,#N/A,#N/A,,,,
2020/01/05,#N/A,#N/A,#N/A,#N/A,#N/A,,,,
2020/01/06,#N/A,#N/A,#N/A,#N/A,#N/A,,,,
2020/01/07,#N/A,#N/A,#N/A,#N/A,#N/A,,,,
2020/01/08,#N/A,#N/A,#N/A,#N/A,#N/A,,,,
2020/01/09,#N/A,#N/A,#N/A,#N/A,#N/A,,,,
2020/01/10,-344.2632566,-45.49,#N/A,#N/A,#N/A,,,,
2020/01/11,#N/A,#N/A,#N/A,#N/A,#N/A,,,,
2020/01/12,#N/A,#N/A,#N/A,#N/A,#N/A,,,,
2020/01/13,#N/A,#N/A,#N/A,#N/A,#N/A,,,,
2020/01/14,#N/A,#N/A,#N/A,#N/A,#N/A,,,,
2020/01/15,#N/A,#N/A,#N/A,#N/A,#N/A,,,,
2020/01/16,#N/A,#N/A,#N/A,#N/A,#N/A,,,,
2020/01/17,-193.9009204,100.73,#N/A,#N/A,#N/A,,,,
2020/01/18,#N/A,#N/A,#N/A,#N/A,#N/A,,,,
2020/01/19,#N/A,#N/A,#N/A,#N/A,#N/A,,,,
2020/01/20,#N/A,#N/A,#N/A,#N/A,#N/A,,,,
2020/01/21,#N/A,#N/A,#N/A,#N/A,#N/A,,,,
2020/01/22,#N/A,#N/A,#N/A,#N/A,#N/A,,,,
2020/01/23,#N/A,#N/A,#N/A,#N/A,#N/A,,,,
2020/01/24,38,170,#N/A,#N/A,#N/A,,,,
2020/01/25,#N/A,#N/A,#N/A,#N/A,#N/A,,,,
2020/01/26,#N/A,#N/A,#N/A,#N/A,#N/A,,,,
2020/01/27,#N/A,#N/A,#N/A,#N/A,#N/A,,,,
2020/01/28,#N/A,#N/A,#N/A,#N/A,#N/A,,,,
2020/01/29,#N/A,#N/A,#N/A,#N/A,#N/A,,,,
2020/01/30,#N/A,#N/A,#N/A,#N/A,#N/A,,,,
2020/01/31,89,195,#N/A,#N/A,#N/A,,,,
2020/02/01,#N/A,#N/A,#N/A,#N/A,#N/A,,,,
2020/02/02,#N/A,#N/A,#N/A,#N/A,#N/A,,,,
2020/02/03,#N/A,#N/A,#N/A,#N/A,#N/A,,,,
2020/02/04,#N/A,#N/A,#N/A,#N/A,#N/A,,,,
2020/02/05,#N/A,#N/A,#N/A,#N/A,#N/A,,,,
2020/02/06,#N/A,#N/A,#N/A,#N/A,#N/A,,,,
2020/02/07,-49.85858407,211.72,#N/A,#N/A,#N/A,,,,
2020/02/08,#N/A,#N/A,#N/A,#N/A,#N/A,,,,
2020/02/09,#N/A,#N/A,#N/A,#N/A,#N/A,,,,
2020/02/10,#N/A,#N/A,#N/A,#N/A,#N/A,,,,
2020/02/11,#N/A,#N/A,#N/A,#N/A,#N/A,,,,
2020/02/12,#N/A,#N/A,#N/A,#N/A,#N/A,,,,
2020/02/13,#N/A,#N/A,#N/A,#N/A,#N/A,,,,
2020/02/14,-314.8437876,81.65,#N/A,#N/A,#N/A,,,,
2020/02/15,#N/A,#N/A,#N/A,#N/A,#N/A,,,,
2020/02/16,#N/A,#N/A,#N/A,#N/A,#N/A,,,,
2020/02/17,#N/A,#N/A,#N/A,#N/A,#N/A,,,,
2020/02/18,#N/A,#N/A,#N/A,#N/A,#N/A,,,,
2020/02/19,#N/A,#N/A,#N/A,#N/A,#N/A,,,,
2020/02/20,#N/A,#N/A,#N/A,#N/A,#N/A,,,,
2020/02/21,-316.6242124,-118.46,#N/A,#N/A,#N/A,,,,
2020/02/22,#N/A,#N/A,#N/A,#N/A,#N/A,,,,
2020/02/23,#N/A,#N/A,#N/A,#N/A,#N/A,,,,
2020/02/24,#N/A,#N/A,#N/A,#N/A,#N/A,,,,
2020/02/25,#N/A,#N/A,#N/A,#N/A,#N/A,,,,
2020/02/26,#N/A,#N/A,#N/A,#N/A,#N/A,,,,
2020/02/27,#N/A,#N/A,#N/A,#N/A,#N/A,,,,
2020/02/28,-290.2543009,-113.82,#N/A,#N/A,#N/A,,,,
2020/02/29,#N/A,#N/A,#N/A,#N/A,#N/A,,,,
2020/03/01,#N/A,#N/A,#N/A,#N/A,#N/A,,,,
2020/03/02,#N/A,#N/A,#N/A,#N/A,#N/A,,,,
2020/03/03,#N/A,#N/A,#N/A,#N/A,#N/A,,,,
2020/03/04,#N/A,#N/A,#N/A,#N/A,#N/A,,,,
2020/03/05,#N/A,#N/A,#N/A,#N/A,#N/A,,,,
2020/03/06,-122.5868319,-47.63,#N/A,#N/A,#N/A,,,,
2020/03/07,#N/A,#N/A,#N/A,#N/A,#N/A,,,,
2020/03/08,#N/A,#N/A,#N/A,#N/A,#N/A,,,,
2020/03/09,#N/A,#N/A,#N/A,#N/A,#N/A,,,,
2020/03/10,#N/A,#N/A,#N/A,#N/A,#N/A,,,,
2020/03/11,#N/A,#N/A,#N/A,#N/A,#N/A,,,,
2020/03/12,#N/A,#N/A,#N/A,#N/A,#N/A,,,,
2020/03/13,202.7495575,82.52,#N/A,#N/A,#N/A,,,,
2020/03/14,#N/A,#N/A,#N/A,#N/A,#N/A,,,,
2020/03/15,#N/A,#N/A,#N/A,#N/A,#N/A,,,,
2020/03/16,#N/A,#N/A,#N/A,#N/A,#N/A,,,,
2020/03/17,#N/A,#N/A,#N/A,#N/A,#N/A,,,,
2020/03/18,#N/A,#N/A,#N/A,#N/A,#N/A,,,,
2020/03/19,#N/A,#N/A,#N/A,#N/A,#N/A,,,,
2020/03/20,-134.3941239,-214.33,830.67,#N/A,#N/A,,,,
2020/03/21,#N/A,#N/A,#N/A,#N/A,#N/A,,,,
2020/03/22,#N/A,#N/A,#N/A,#N/A,#N/A,,,,
2020/03/23,#N/A,#N/A,#N/A,#N/A,#N/A,,,,
2020/03/24,#N/A,#N/A,#N/A,#N/A,#N/A,,,,
2020/03/25,#N/A,#N/A,#N/A,#N/A,#N/A,,,,
2020/03/26,#N/A,#N/A,#N/A,#N/A,#N/A,,,,
2020/03/27,-203.1601416,-335.77,1070.88,#N/A,#N/A,,,,
2020/03/28,#N/A,#N/A,#N/A,#N/A,#N/A,,,,
2020/03/29,#N/A,#N/A,#N/A,#N/A,#N/A,,,,
2020/03/30,#N/A,#N/A,#N/A,#N/A,#N/A,,,,
2020/03/31,#N/A,#N/A,#N/A,#N/A,#N/A,,,,
2020/04/01,#N/A,#N/A,#N/A,#N/A,#N/A,,,,
2020/04/02,#N/A,#N/A,#N/A,#N/A,#N/A,,,,
2020/04/03,2.690389381,-765.94,696.57,#N/A,#N/A,,,,
2020/04/04,#N/A,#N/A,#N/A,#N/A,#N/A,,,,
2020/04/05,#N/A,#N/A,#N/A,#N/A,#N/A,,,,
2020/04/06,#N/A,#N/A,#N/A,#N/A,#N/A,,,,
2020/04/07,#N/A,#N/A,#N/A,#N/A,#N/A,,,,
2020/04/08,#N/A,#N/A,#N/A,#N/A,#N/A,,,,
2020/04/09,#N/A,#N/A,#N/A,#N/A,#N/A,,,,
2020/04/10,-269.7491681,-534.07,782.61,#N/A,#N/A,,,,
2020/04/11,#N/A,#N/A,#N/A,#N/A,#N/A,,,,
2020/04/12,#N/A,#N/A,#N/A,#N/A,#N/A,,,,
2020/04/13,#N/A,#N/A,#N/A,#N/A,#N/A,,,,
2020/04/14,#N/A,#N/A,#N/A,#N/A,#N/A,,,,
2020/04/15,#N/A,#N/A,#N/A,#N/A,#N/A,,,,
2020/04/16,#N/A,#N/A,#N/A,#N/A,#N/A,,,,
2020/04/17,-151.3587257,-288.44,1069.21,#N/A,#N/A,,,,
2020/04/18,#N/A,#N/A,#N/A,#N/A,#N/A,,,,
2020/04/19,#N/A,#N/A,#N/A,#N/A,#N/A,,,,
2020/04/20,#N/A,#N/A,#N/A,#N/A,#N/A,,,,
2020/04/21,#N/A,#N/A,#N/A,#N/A,#N/A,,,,
2020/04/22,#N/A,#N/A,#N/A,#N/A,#N/A,,,,
2020/04/23,#N/A,#N/A,#N/A,#N/A,#N/A,,,,
2020/04/24,-212.9781947,376.27,1227.63,#N/A,#N/A,,,,
2020/04/25,#N/A,#N/A,#N/A,#N/A,#N/A,,,,
2020/04/26,#N/A,#N/A,#N/A,#N/A,#N/A,,,,
2020/04/27,#N/A,#N/A,#N/A,#N/A,#N/A,,,,
2020/04/28,#N/A,#N/A,#N/A,#N/A,#N/A,,,,
2020/04/29,#N/A,#N/A,#N/A,#N/A,#N/A,,,,
2020/04/30,#N/A,#N/A,#N/A,#N/A,#N/A,,,,
2020/05/01,67.55941593,324.37,977.1,#N/A,#N/A,,,,
2020/05/02,#N/A,#N/A,#N/A,#N/A,#N/A,,,,
2020/05/03,#N/A,#N/A,#N/A,#N/A,#N/A,,,,
2020/05/04,#N/A,#N/A,#N/A,#N/A,#N/A,,,,
2020/05/05,#N/A,#N/A,#N/A,#N/A,#N/A,,,,
2020/05/06,#N/A,#N/A,#N/A,#N/A,#N/A,,,,
2020/05/07,#N/A,#N/A,#N/A,#N/A,#N/A,,,,
2020/05/08,-459.8427965,649.84,731.62,#N/A,#N/A,,,,
2020/05/09,#N/A,#N/A,#N/A,#N/A,#N/A,,,,
2020/05/10,#N/A,#N/A,#N/A,#N/A,#N/A,,,,
2020/05/11,#N/A,#N/A,#N/A,#N/A,#N/A,,,,
2020/05/12,#N/A,#N/A,#N/A,#N/A,#N/A,,,,
2020/05/13,#N/A,#N/A,#N/A,#N/A,#N/A,,,,
2020/05/14,#N/A,#N/A,#N/A,#N/A,#N/A,,,,
2020/05/15,-646.5976637,753.5,732.77,#N/A,#N/A,,,,
2020/05/16,#N/A,#N/A,#N/A,#N/A,#N/A,,,,
2020/05/17,#N/A,#N/A,#N/A,#N/A,#N/A,,,,
2020/05/18,#N/A,#N/A,#N/A,#N/A,#N/A,,,,
2020/05/19,#N/A,#N/A,#N/A,#N/A,#N/A,,,,
2020/05/20,#N/A,#N/A,#N/A,#N/A,#N/A,,,,
2020/05/21,#N/A,#N/A,#N/A,#N/A,#N/A,,,,
2020/05/22,-842.6065133,941.91,536.43,#N/A,#N/A,,,,
2020/05/23,#N/A,#N/A,#N/A,#N/A,#N/A,,,,
2020/05/24,#N/A,#N/A,#N/A,#N/A,#N/A,,,,
2020/05/25,#N/A,#N/A,#N/A,#N/A,#N/A,,,,
2020/05/26,#N/A,#N/A,#N/A,#N/A,#N/A,,,,
2020/05/27,#N/A,#N/A,#N/A,#N/A,#N/A,,,,
2020/05/28,#N/A,#N/A,#N/A,#N/A,#N/A,,,,
2020/05/29,-866.252531,1268.34,702.28,#N/A,#N/A,,,,
2020/05/30,#N/A,#N/A,#N/A,#N/A,#N/A,,,,
2020/05/31,#N/A,#N/A,#N/A,#N/A,#N/A,,,,
2020/06/01,#N/A,#N/A,#N/A,#N/A,#N/A,,,,
2020/06/02,#N/A,#N/A,#N/A,#N/A,#N/A,,,,
2020/06/03,#N/A,#N/A,#N/A,#N/A,#N/A,,,,
2020/06/04,#N/A,#N/A,#N/A,#N/A,#N/A,,,,
2020/06/05,-778.1197876,1477.59,770.38,#N/A,#N/A,,,,
2020/06/06,#N/A,#N/A,#N/A,#N/A,#N/A,,,,
2020/06/07,#N/A,#N/A,#N/A,#N/A,#N/A,,,,
2020/06/08,#N/A,#N/A,#N/A,#N/A,#N/A,,,,
2020/06/09,#N/A,#N/A,#N/A,#N/A,#N/A,,,,
2020/06/10,#N/A,#N/A,#N/A,#N/A,#N/A,,,,
2020/06/11,#N/A,#N/A,#N/A,#N/A,#N/A,,,,
2020/06/12,-547,1293.83,858.5,#N/A,#N/A,,,,
2020/06/13,#N/A,#N/A,#N/A,#N/A,#N/A,,,,
2020/06/14,#N/A,#N/A,#N/A,#N/A,#N/A,,,,
2020/06/15,#N/A,#N/A,#N/A,#N/A,#N/A,,,,
2020/06/16,#N/A,#N/A,#N/A,#N/A,#N/A,,,,
2020/06/17,#N/A,#N/A,#N/A,#N/A,#N/A,,,,
2020/06/18,#N/A,#N/A,#N/A,#N/A,#N/A,,,,
2020/06/19,-704.2613805,1193.11,646.82,#N/A,#N/A,,,,
2020/06/20,#N/A,#N/A,#N/A,#N/A,#N/A,,,,
2020/06/21,#N/A,#N/A,#N/A,#N/A,#N/A,,,,
2020/06/22,#N/A,#N/A,#N/A,#N/A,#N/A,,,,
2020/06/23,#N/A,#N/A,#N/A,#N/A,#N/A,,,,
2020/06/24,#N/A,#N/A,#N/A,#N/A,#N/A,,,,
2020/06/25,#N/A,#N/A,#N/A,#N/A,#N/A,,,,
2020/06/26,-962.8231062,1187.12,625.23,#N/A,#N/A,,,,
2020/06/27,#N/A,#N/A,#N/A,#N/A,#N/A,,,,
2020/06/28,#N/A,#N/A,#N/A,#N/A,#N/A,,,,
2020/06/29,#N/A,#N/A,#N/A,#N/A,#N/A,,,,
2020/06/30,#N/A,#N/A,#N/A,#N/A,#N/A,,,,
2020/07/01,#N/A,#N/A,#N/A,#N/A,#N/A,,,,
2020/07/02,#N/A,#N/A,#N/A,#N/A,#N/A,,,,
2020/07/03,-840.3020885,829.57,337.73,#N/A,#N/A,,,,
2020/07/04,#N/A,#N/A,#N/A,#N/A,#N/A,,,,
2020/07/05,#N/A,#N/A,#N/A,#N/A,#N/A,,,,
2020/07/06,#N/A,#N/A,#N/A,#N/A,#N/A,,,,
2020/07/07,#N/A,#N/A,#N/A,#N/A,#N/A,,,,
2020/07/08,#N/A,#N/A,#N/A,#N/A,#N/A,,,,
2020/07/09,#N/A,#N/A,#N/A,#N/A,#N/A,,,,
2020/07/10,-845.4686814,747.04,306.36,#N/A,#N/A,,,,
2020/07/11,#N/A,#N/A,#N/A,#N/A,#N/A,,,,
2020/07/12,#N/A,#N/A,#N/A,#N/A,#N/A,,,,
2020/07/13,#N/A,#N/A,#N/A,#N/A,#N/A,,,,
2020/07/14,#N/A,#N/A,#N/A,#N/A,#N/A,,,,
2020/07/15,#N/A,#N/A,#N/A,#N/A,#N/A,,,,
2020/07/16,#N/A,#N/A,#N/A,#N/A,#N/A,,,,
2020/07/17,-532.6065133,590.04,235.9,#N/A,#N/A,,,,
2020/07/18,#N/A,#N/A,#N/A,#N/A,#N/A,,,,
2020/07/19,#N/A,#N/A,#N/A,#N/A,#N/A,,,,
2020/07/20,#N/A,#N/A,#N/A,#N/A,#N/A,,,,
2020/07/21,#N/A,#N/A,#N/A,#N/A,#N/A,,,,
2020/07/22,#N/A,#N/A,#N/A,#N/A,#N/A,,,,
2020/07/23,#N/A,#N/A,#N/A,#N/A,#N/A,,,,
2020/07/24,-861.1746549,613.07,164.58,#N/A,#N/A,,,,
2020/07/25,#N/A,#N/A,#N/A,#N/A,#N/A,,,,
2020/07/26,#N/A,#N/A,#N/A,#N/A,#N/A,,,,
2020/07/27,#N/A,#N/A,#N/A,#N/A,#N/A,,,,
2020/07/28,#N/A,#N/A,#N/A,#N/A,#N/A,,,,
2020/07/29,#N/A,#N/A,#N/A,#N/A,#N/A,,,,
2020/07/30,#N/A,#N/A,#N/A,#N/A,#N/A,,,,
2020/07/31,-851.5487699,635.11,143.05,#N/A,#N/A,,,,
2020/08/01,#N/A,#N/A,#N/A,#N/A,#N/A,,,,
2020/08/02,#N/A,#N/A,#N/A,#N/A,#N/A,,,,
2020/08/03,#N/A,#N/A,#N/A,#N/A,#N/A,,,,
2020/08/04,#N/A,#N/A,#N/A,#N/A,#N/A,,,,
2020/08/05,#N/A,#N/A,#N/A,#N/A,#N/A,,,,
2020/08/06,#N/A,#N/A,#N/A,#N/A,#N/A,,,,
2020/08/07,-814.411823,451.19,91.16,#N/A,#N/A,,,,
2020/08/08,#N/A,#N/A,#N/A,#N/A,#N/A,,,,
2020/08/09,#N/A,#N/A,#N/A,#N/A,#N/A,,,,
2020/08/10,#N/A,#N/A,#N/A,#N/A,#N/A,,,,
2020/08/11,#N/A,#N/A,#N/A,#N/A,#N/A,,,,
2020/08/12,#N/A,#N/A,#N/A,#N/A,#N/A,,,,
2020/08/13,#N/A,#N/A,#N/A,#N/A,#N/A,,,,
2020/08/14,-836.9956726,491.05,70.41,#N/A,#N/A,,,,
2020/08/15,#N/A,#N/A,#N/A,#N/A,#N/A,,,,
2020/08/16,#N/A,#N/A,#N/A,#N/A,#N/A,,,,
2020/08/17,#N/A,#N/A,#N/A,#N/A,#N/A,,,,
2020/08/18,#N/A,#N/A,#N/A,#N/A,#N/A,,,,
2020/08/19,#N/A,#N/A,#N/A,#N/A,#N/A,,,,
2020/08/20,#N/A,#N/A,#N/A,#N/A,#N/A,,,,
2020/08/21,-820.3509823,405.56,61.51,#N/A,#N/A,,,,
2020/08/22,#N/A,#N/A,#N/A,#N/A,#N/A,,,,
2020/08/23,#N/A,#N/A,#N/A,#N/A,#N/A,,,,
2020/08/24,#N/A,#N/A,#N/A,#N/A,#N/A,,,,
2020/08/25,#N/A,#N/A,#N/A,#N/A,#N/A,,,,
2020/08/26,#N/A,#N/A,#N/A,#N/A,#N/A,,,,
2020/08/27,#N/A,#N/A,#N/A,#N/A,#N/A,,,,
2020/08/28,-876.3052965,418.92,75.04,#N/A,#N/A,,,,
2020/08/29,#N/A,#N/A,#N/A,#N/A,#N/A,,,,
2020/08/30,#N/A,#N/A,#N/A,#N/A,#N/A,,,,
2020/08/31,#N/A,#N/A,#N/A,#N/A,#N/A,,,,
2020/09/01,#N/A,#N/A,#N/A,#N/A,#N/A,,,,
2020/09/02,#N/A,#N/A,#N/A,#N/A,#N/A,,,,
2020/09/03,#N/A,#N/A,#N/A,#N/A,#N/A,,,,
2020/09/04,-852.5059602,455.81,158.7,#N/A,#N/A,,,,
2020/09/05,#N/A,#N/A,#N/A,#N/A,#N/A,,,,
2020/09/06,#N/A,#N/A,#N/A,#N/A,#N/A,,,,
2020/09/07,#N/A,#N/A,#N/A,#N/A,#N/A,,,,
2020/09/08,#N/A,#N/A,#N/A,#N/A,#N/A,,,,
2020/09/09,#N/A,#N/A,#N/A,#N/A,#N/A,,,,
2020/09/10,#N/A,#N/A,#N/A,#N/A,#N/A,,,,
2020/09/11,-709.3638142,512.57,357.66,#N/A,#N/A,,,,
2020/09/12,#N/A,#N/A,#N/A,#N/A,#N/A,,,,
2020/09/13,#N/A,#N/A,#N/A,#N/A,#N/A,,,,
2020/09/14,#N/A,#N/A,#N/A,#N/A,#N/A,,,,
2020/09/15,#N/A,#N/A,#N/A,#N/A,#N/A,,,,
2020/09/16,#N/A,#N/A,#N/A,#N/A,#N/A,,,,
2020/09/17,#N/A,#N/A,#N/A,#N/A,#N/A,,,,
2020/09/18,-662.4726637,399.18,282.1,#N/A,#N/A,,,,
2020/09/19,#N/A,#N/A,#N/A,#N/A,#N/A,,,,
2020/09/20,#N/A,#N/A,#N/A,#N/A,#N/A,,,,
2020/09/21,#N/A,#N/A,#N/A,#N/A,#N/A,,,,
2020/09/22,#N/A,#N/A,#N/A,#N/A,#N/A,,,,
2020/09/23,#N/A,#N/A,#N/A,#N/A,#N/A,,,,
2020/09/24,#N/A,#N/A,#N/A,#N/A,#N/A,,,,
2020/09/25,-799.9089027,286.51,291.79,#N/A,#N/A,,,,
2020/09/26,#N/A,#N/A,#N/A,#N/A,#N/A,,,,
2020/09/27,#N/A,#N/A,#N/A,#N/A,#N/A,,,,
2020/09/28,#N/A,#N/A,#N/A,#N/A,#N/A,,,,
2020/09/29,#N/A,#N/A,#N/A,#N/A,#N/A,,,,
2020/09/30,#N/A,#N/A,#N/A,#N/A,#N/A,,,,
2020/10/01,#N/A,#N/A,#N/A,#N/A,#N/A,,,,
2020/10/02,-907.5443451,273.91,317.48,#N/A,#N/A,,,,
2020/10/03,#N/A,#N/A,#N/A,#N/A,#N/A,,,,
2020/10/04,#N/A,#N/A,#N/A,#N/A,#N/A,,,,
2020/10/05,#N/A,#N/A,#N/A,#N/A,#N/A,,,,
2020/10/06,#N/A,#N/A,#N/A,#N/A,#N/A,,,,
2020/10/07,#N/A,#N/A,#N/A,#N/A,#N/A,,,,
2020/10/08,#N/A,#N/A,#N/A,#N/A,#N/A,,,,
2020/10/09,-670,231.04,317.48,#N/A,#N/A,,,,
2020/10/10,#N/A,#N/A,#N/A,#N/A,#N/A,,,,
2020/10/11,#N/A,#N/A,#N/A,#N/A,#N/A,,,,
2020/10/12,#N/A,#N/A,#N/A,#N/A,#N/A,,,,
2020/10/13,#N/A,#N/A,#N/A,#N/A,#N/A,,,,
2020/10/14,#N/A,#N/A,#N/A,#N/A,#N/A,,,,
2020/10/15,#N/A,#N/A,#N/A,#N/A,#N/A,,,,
2020/10/16,-899.6600531,83.07,237.46,#N/A,#N/A,,,,
2020/10/17,#N/A,#N/A,#N/A,#N/A,#N/A,,,,
2020/10/18,#N/A,#N/A,#N/A,#N/A,#N/A,,,,
2020/10/19,#N/A,#N/A,#N/A,#N/A,#N/A,,,,
2020/10/20,#N/A,#N/A,#N/A,#N/A,#N/A,,,,
2020/10/21,#N/A,#N/A,#N/A,#N/A,#N/A,,,,
2020/10/22,#N/A,#N/A,#N/A,#N/A,#N/A,,,,
2020/10/23,-847.5253186,316.31,264.89,#N/A,#N/A,,,,
2020/10/24,#N/A,#N/A,#N/A,#N/A,#N/A,,,,
2020/10/25,#N/A,#N/A,#N/A,#N/A,#N/A,,,,
2020/10/26,#N/A,#N/A,#N/A,#N/A,#N/A,,,,
2020/10/27,#N/A,#N/A,#N/A,#N/A,#N/A,,,,
2020/10/28,#N/A,#N/A,#N/A,#N/A,#N/A,,,,
2020/10/29,#N/A,#N/A,#N/A,#N/A,#N/A,,,,
2020/10/30,-789.372,408.72,462.16,#N/A,#N/A,,,,
2020/10/31,#N/A,#N/A,#N/A,#N/A,#N/A,,,,
2020/11/01,#N/A,#N/A,#N/A,#N/A,#N/A,,,,
2020/11/02,#N/A,#N/A,#N/A,#N/A,#N/A,,,,
2020/11/03,#N/A,#N/A,#N/A,#N/A,#N/A,,,,
2020/11/04,#N/A,#N/A,#N/A,#N/A,#N/A,,,,
2020/11/05,#N/A,#N/A,#N/A,#N/A,#N/A,,,,
2020/11/06,-685.0538584,269.18,348.71,#N/A,#N/A,,,,
2020/11/07,#N/A,#N/A,#N/A,#N/A,#N/A,,,,
2020/11/08,#N/A,#N/A,#N/A,#N/A,#N/A,,,,
2020/11/09,#N/A,#N/A,#N/A,#N/A,#N/A,,,,
2020/11/10,#N/A,#N/A,#N/A,#N/A,#N/A,,,,
2020/11/11,#N/A,#N/A,#N/A,#N/A,#N/A,,,,
2020/11/12,#N/A,#N/A,#N/A,#N/A,#N/A,,,,
2020/11/13,-818.9604956,337.23,263.25,#N/A,#N/A,,,,
2020/11/14,#N/A,#N/A,#N/A,#N/A,#N/A,,,,
2020/11/15,#N/A,#N/A,#N/A,#N/A,#N/A,,,,
2020/11/16,#N/A,#N/A,#N/A,#N/A,#N/A,,,,
2020/11/17,#N/A,#N/A,#N/A,#N/A,#N/A,,,,
2020/11/18,#N/A,#N/A,#N/A,#N/A,#N/A,,,,
2020/11/19,#N/A,#N/A,#N/A,#N/A,#N/A,,,,
2020/11/20,-940.2549646,451.25,237.17,#N/A,#N/A,,,,
2020/11/21,#N/A,#N/A,#N/A,#N/A,#N/A,,,,
2020/11/22,#N/A,#N/A,#N/A,#N/A,#N/A,,,,
2020/11/23,#N/A,#N/A,#N/A,#N/A,#N/A,,,,
2020/11/24,#N/A,#N/A,#N/A,#N/A,#N/A,,,,
2020/11/25,#N/A,#N/A,#N/A,#N/A,#N/A,,,,
2020/11/26,#N/A,#N/A,#N/A,#N/A,#N/A,,,,
2020/11/27,-1001.031292,430.33,135.1,#N/A,#N/A,,,,
2020/11/28,#N/A,#N/A,#N/A,#N/A,#N/A,,,,
2020/11/29,#N/A,#N/A,#N/A,#N/A,#N/A,,,,
2020/11/30,#N/A,#N/A,#N/A,#N/A,#N/A,,,,
2020/12/01,#N/A,#N/A,#N/A,#N/A,#N/A,,,,
2020/12/02,#N/A,#N/A,#N/A,#N/A,#N/A,,,,
2020/12/03,#N/A,#N/A,#N/A,#N/A,#N/A,,,,
2020/12/04,-954.7432389,493.61,145.06,#N/A,#N/A,,,,
2020/12/05,#N/A,#N/A,#N/A,#N/A,#N/A,,,,
2020/12/06,#N/A,#N/A,#N/A,#N/A,#N/A,,,,
2020/12/07,#N/A,#N/A,#N/A,#N/A,#N/A,,,,
2020/12/08,#N/A,#N/A,#N/A,#N/A,#N/A,,,,
2020/12/09,#N/A,#N/A,#N/A,#N/A,#N/A,,,,
2020/12/10,#N/A,#N/A,#N/A,#N/A,#N/A,,,,
2020/12/11,-860.522885,668.92,311,#N/A,#N/A,,,,
2020/12/12,#N/A,#N/A,#N/A,#N/A,#N/A,,,,
2020/12/13,#N/A,#N/A,#N/A,#N/A,#N/A,,,,
2020/12/14,#N/A,#N/A,#N/A,#N/A,#N/A,,,,
2020/12/15,#N/A,#N/A,#N/A,#N/A,#N/A,,,,
2020/12/16,#N/A,#N/A,#N/A,#N/A,#N/A,,,,
2020/12/17,#N/A,#N/A,#N/A,#N/A,#N/A,,,,
2020/12/18,-1017.219124,861.55,248.9,#N/A,#N/A,,,,
2020/12/19,#N/A,#N/A,#N/A,#N/A,#N/A,,,,
2020/12/20,#N/A,#N/A,#N/A,#N/A,#N/A,,,,
2020/12/21,#N/A,#N/A,#N/A,#N/A,#N/A,,,,
2020/12/22,#N/A,#N/A,#N/A,#N/A,#N/A,,,,
2020/12/23,#N/A,#N/A,#N/A,#N/A,#N/A,,,,
2020/12/24,#N/A,#N/A,#N/A,#N/A,#N/A,,,,
2020/12/25,-1000.412487,695.08,224.07,#N/A,#N/A,,,,
2020/12/26,#N/A,#N/A,#N/A,#N/A,#N/A,,,,
2020/12/27,#N/A,#N/A,#N/A,#N/A,#N/A,,,,
2020/12/28,#N/A,#N/A,#N/A,#N/A,#N/A,,,,
2020/12/29,#N/A,#N/A,#N/A,#N/A,#N/A,,,,
2020/12/30,#N/A,#N/A,#N/A,#N/A,#N/A,,,,
2020/12/31,#N/A,#N/A,#N/A,#N/A,#N/A,,,,
2021/01/01,-1042.731292,613.78,101.08,#N/A,#N/A,,,,
2021/01/02,#N/A,#N/A,#N/A,#N/A,#N/A,,,,
2021/01/03,#N/A,#N/A,#N/A,#N/A,#N/A,,,,
2021/01/04,#N/A,#N/A,#N/A,#N/A,#N/A,,,,
2021/01/05,#N/A,#N/A,#N/A,#N/A,#N/A,,,,
2021/01/06,#N/A,#N/A,#N/A,#N/A,#N/A,,,,
2021/01/07,#N/A,#N/A,#N/A,#N/A,#N/A,,,,
2021/01/08,-1015.361602,560.22,23.37,#N/A,#N/A,,,,
2021/01/09,#N/A,#N/A,#N/A,#N/A,#N/A,,,,
2021/01/10,#N/A,#N/A,#N/A,#N/A,#N/A,,,,
2021/01/11,#N/A,#N/A,#N/A,#N/A,#N/A,,,,
2021/01/12,#N/A,#N/A,#N/A,#N/A,#N/A,,,,
2021/01/13,#N/A,#N/A,#N/A,#N/A,#N/A,,,,
2021/01/14,#N/A,#N/A,#N/A,#N/A,#N/A,,,,
2021/01/15,-1125.665142,483.65,-56.61,#N/A,#N/A,,,,
2021/01/16,#N/A,#N/A,#N/A,#N/A,#N/A,,,,
2021/01/17,#N/A,#N/A,#N/A,#N/A,#N/A,,,,
2021/01/18,#N/A,#N/A,#N/A,#N/A,#N/A,,,,
2021/01/19,#N/A,#N/A,#N/A,#N/A,#N/A,,,,
2021/01/20,#N/A,#N/A,#N/A,#N/A,#N/A,,,,
2021/01/21,#N/A,#N/A,#N/A,#N/A,#N/A,,,,
2021/01/22,-1127.146779,435.55,-48.18,#N/A,#N/A,,,,
2021/01/23,#N/A,#N/A,#N/A,#N/A,#N/A,,,,
2021/01/24,#N/A,#N/A,#N/A,#N/A,#N/A,,,,
2021/01/25,#N/A,#N/A,#N/A,#N/A,#N/A,,,,
2021/01/26,#N/A,#N/A,#N/A,#N/A,#N/A,,,,
2021/01/27,#N/A,#N/A,#N/A,#N/A,#N/A,,,,
2021/01/28,#N/A,#N/A,#N/A,#N/A,#N/A,,,,
2021/01/29,-1210.172885,362.17,-107.38,#N/A,#N/A,,,,
2021/01/30,#N/A,#N/A,#N/A,#N/A,#N/A,,,,
2021/01/31,#N/A,#N/A,#N/A,#N/A,#N/A,,,,
2021/02/01,#N/A,#N/A,#N/A,#N/A,#N/A,,,,
2021/02/02,#N/A,#N/A,#N/A,#N/A,#N/A,,,,
2021/02/03,#N/A,#N/A,#N/A,#N/A,#N/A,,,,
2021/02/04,#N/A,#N/A,#N/A,#N/A,#N/A,,,,
2021/02/05,-1196.765805,319.67,-147.48,#N/A,#N/A,,,,
2021/02/06,#N/A,#N/A,#N/A,#N/A,#N/A,,,,
2021/02/07,#N/A,#N/A,#N/A,#N/A,#N/A,,,,
2021/02/08,#N/A,#N/A,#N/A,#N/A,#N/A,,,,
2021/02/09,#N/A,#N/A,#N/A,#N/A,#N/A,,,,
2021/02/10,#N/A,#N/A,#N/A,#N/A,#N/A,,,,
2021/02/11,#N/A,#N/A,#N/A,#N/A,#N/A,,,,
2021/02/12,-1264.792354,406.22,-146.48,#N/A,#N/A,,,,
2021/02/13,#N/A,#N/A,#N/A,#N/A,#N/A,,,,
2021/02/14,#N/A,#N/A,#N/A,#N/A,#N/A,,,,
2021/02/15,#N/A,#N/A,#N/A,#N/A,#N/A,,,,
2021/02/16,#N/A,#N/A,#N/A,#N/A,#N/A,,,,
2021/02/17,#N/A,#N/A,#N/A,#N/A,#N/A,,,,
2021/02/18,#N/A,#N/A,#N/A,#N/A,#N/A,,,,
2021/02/19,-1033,459.36,-115.98,#N/A,#N/A,,,,
2021/02/20,#N/A,#N/A,#N/A,#N/A,#N/A,,,,
2021/02/21,#N/A,#N/A,#N/A,#N/A,#N/A,,,,
2021/02/22,#N/A,#N/A,#N/A,#N/A,#N/A,,,,
2021/02/23,#N/A,#N/A,#N/A,#N/A,#N/A,,,,
2021/02/24,#N/A,#N/A,#N/A,#N/A,#N/A,,,,
2021/02/25,#N/A,#N/A,#N/A,#N/A,#N/A,,,,
2021/02/26,-1098.24877,514.23,-26.62,#N/A,#N/A,,,,
2021/02/27,#N/A,#N/A,#N/A,#N/A,#N/A,,,,
2021/02/28,#N/A,#N/A,#N/A,#N/A,#N/A,,,,
2021/03/01,#N/A,#N/A,#N/A,#N/A,#N/A,,,,
2021/03/02,#N/A,#N/A,#N/A,#N/A,#N/A,,,,
2021/03/03,#N/A,#N/A,#N/A,#N/A,#N/A,,,,
2021/03/04,#N/A,#N/A,#N/A,#N/A,#N/A,,,,
2021/03/05,-1012.578195,648.33,14.25,#N/A,#N/A,,,,
2021/03/06,#N/A,#N/A,#N/A,#N/A,#N/A,,,,
2021/03/07,#N/A,#N/A,#N/A,#N/A,#N/A,,,,
2021/03/08,#N/A,#N/A,#N/A,#N/A,#N/A,,,,
2021/03/09,#N/A,#N/A,#N/A,#N/A,#N/A,,,,
2021/03/10,#N/A,#N/A,#N/A,#N/A,#N/A,,,,
2021/03/11,#N/A,#N/A,#N/A,#N/A,#N/A,,,,
2021/03/12,-1138.604301,863.83,57.82,#N/A,#N/A,,,,
2021/03/13,#N/A,#N/A,#N/A,#N/A,#N/A,,,,
2021/03/14,#N/A,#N/A,#N/A,#N/A,#N/A,,,,
2021/03/15,#N/A,#N/A,#N/A,#N/A,#N/A,,,,
2021/03/16,#N/A,#N/A,#N/A,#N/A,#N/A,,,,
2021/03/17,#N/A,#N/A,#N/A,#N/A,#N/A,,,,
2021/03/18,#N/A,#N/A,#N/A,#N/A,#N/A,,,,
2021/03/19,-1275.093239,703.68,303.09,#N/A,#N/A,,,,
2021/03/20,#N/A,#N/A,#N/A,#N/A,#N/A,,,,
2021/03/21,#N/A,#N/A,#N/A,#N/A,#N/A,,,,
2021/03/22,#N/A,#N/A,#N/A,#N/A,#N/A,,,,
2021/03/23,#N/A,#N/A,#N/A,#N/A,#N/A,,,,
2021/03/24,#N/A,#N/A,#N/A,#N/A,#N/A,,,,
2021/03/25,#N/A,#N/A,#N/A,#N/A,#N/A,,,,
2021/03/26,-1089.512487,515.98,513.13,#N/A,#N/A,,,,
2021/03/27,#N/A,#N/A,#N/A,#N/A,#N/A,,,,
2021/03/28,#N/A,#N/A,#N/A,#N/A,#N/A,,,,
2021/03/29,#N/A,#N/A,#N/A,#N/A,#N/A,,,,
2021/03/30,#N/A,#N/A,#N/A,#N/A,#N/A,,,,
2021/03/31,#N/A,#N/A,#N/A,#N/A,#N/A,,,,
2021/04/01,#N/A,#N/A,#N/A,#N/A,#N/A,,,,
2021/04/02,-1299.358283,335.87,302.73,#N/A,#N/A,,,,
2021/04/03,#N/A,#N/A,#N/A,#N/A,#N/A,,,,
2021/04/04,#N/A,#N/A,#N/A,#N/A,#N/A,,,,
2021/04/05,#N/A,#N/A,#N/A,#N/A,#N/A,,,,
2021/04/06,#N/A,#N/A,#N/A,#N/A,#N/A,,,,
2021/04/07,#N/A,#N/A,#N/A,#N/A,#N/A,,,,
2021/04/08,#N/A,#N/A,#N/A,#N/A,#N/A,,,,
2021/04/09,-1166.013593,318.77,393.08,#N/A,#N/A,,,,
2021/04/10,#N/A,#N/A,#N/A,#N/A,#N/A,,,,
2021/04/11,#N/A,#N/A,#N/A,#N/A,#N/A,,,,
2021/04/12,#N/A,#N/A,#N/A,#N/A,#N/A,,,,
2021/04/13,#N/A,#N/A,#N/A,#N/A,#N/A,,,,
2021/04/14,#N/A,#N/A,#N/A,#N/A,#N/A,,,,
2021/04/15,#N/A,#N/A,#N/A,#N/A,#N/A,,,,
2021/04/16,-1156.965363,387.79,448.1,#N/A,#N/A,,,,
2021/04/17,#N/A,#N/A,#N/A,#N/A,#N/A,,,,
2021/04/18,#N/A,#N/A,#N/A,#N/A,#N/A,,,,
2021/04/19,#N/A,#N/A,#N/A,#N/A,#N/A,,,,
2021/04/20,#N/A,#N/A,#N/A,#N/A,#N/A,,,,
2021/04/21,#N/A,#N/A,#N/A,#N/A,#N/A,,,,
2021/04/22,#N/A,#N/A,#N/A,#N/A,#N/A,,,,
2021/04/23,-1117.885274,375.19,552.67,#N/A,#N/A,,,,
2021/04/24,#N/A,#N/A,#N/A,#N/A,#N/A,,,,
2021/04/25,#N/A,#N/A,#N/A,#N/A,#N/A,,,,
2021/04/26,#N/A,#N/A,#N/A,#N/A,#N/A,,,,
2021/04/27,#N/A,#N/A,#N/A,#N/A,#N/A,,,,
2021/04/28,#N/A,#N/A,#N/A,#N/A,#N/A,,,,
2021/04/29,#N/A,#N/A,#N/A,#N/A,#N/A,,,,
2021/04/30,-1089.120053,272.02,424.97,#N/A,#N/A,,,,
2021/05/01,#N/A,#N/A,#N/A,#N/A,#N/A,,,,
2021/05/02,#N/A,#N/A,#N/A,#N/A,#N/A,,,,
2021/05/03,#N/A,#N/A,#N/A,#N/A,#N/A,,,,
2021/05/04,#N/A,#N/A,#N/A,#N/A,#N/A,,,,
2021/05/05,#N/A,#N/A,#N/A,#N/A,#N/A,,,,
2021/05/06,#N/A,#N/A,#N/A,#N/A,#N/A,,,,
2021/05/07,-992.242708,498.23,508.48,#N/A,#N/A,,,,
2021/05/08,#N/A,#N/A,#N/A,#N/A,#N/A,,,,
2021/05/09,#N/A,#N/A,#N/A,#N/A,#N/A,,,,
2021/05/10,#N/A,#N/A,#N/A,#N/A,#N/A,,,,
2021/05/11,#N/A,#N/A,#N/A,#N/A,#N/A,,,,
2021/05/12,#N/A,#N/A,#N/A,#N/A,#N/A,,,,
2021/05/13,#N/A,#N/A,#N/A,#N/A,#N/A,,,,
2021/05/14,-884.78,578.87,584.59,#N/A,#N/A,,,,
2021/05/15,#N/A,#N/A,#N/A,#N/A,#N/A,,,,
2021/05/16,#N/A,#N/A,#N/A,#N/A,#N/A,,,,
2021/05/17,#N/A,#N/A,#N/A,#N/A,#N/A,,,,
2021/05/18,#N/A,#N/A,#N/A,#N/A,#N/A,,,,
2021/05/19,#N/A,#N/A,#N/A,#N/A,#N/A,,,,
2021/05/20,#N/A,#N/A,#N/A,#N/A,#N/A,,,,
2021/05/21,-829.68,825.59,786.43,#N/A,#N/A,,,,
2021/05/22,#N/A,#N/A,#N/A,#N/A,#N/A,,,,
2021/05/23,#N/A,#N/A,#N/A,#N/A,#N/A,,,,
2021/05/24,#N/A,#N/A,#N/A,#N/A,#N/A,,,,
2021/05/25,#N/A,#N/A,#N/A,#N/A,#N/A,,,,
2021/05/26,#N/A,#N/A,#N/A,#N/A,#N/A,,,,
2021/05/27,#N/A,#N/A,#N/A,#N/A,#N/A,,,,
2021/05/28,-929,796.93,680.96,#N/A,#N/A,,,,
2021/05/29,#N/A,#N/A,#N/A,#N/A,#N/A,,,,
2021/05/30,#N/A,#N/A,#N/A,#N/A,#N/A,,,,
2021/05/31,#N/A,#N/A,#N/A,#N/A,#N/A,,,,
2021/06/01,#N/A,#N/A,#N/A,#N/A,#N/A,,,,
2021/06/02,#N/A,#N/A,#N/A,#N/A,#N/A,,,,
2021/06/03,#N/A,#N/A,#N/A,#N/A,#N/A,,,,
2021/06/04,-905,639.35,767.22,#N/A,#N/A,,,,
2021/06/05,#N/A,#N/A,#N/A,#N/A,#N/A,,,,
2021/06/06,#N/A,#N/A,#N/A,#N/A,#N/A,,,,
2021/06/07,#N/A,#N/A,#N/A,#N/A,#N/A,,,,
2021/06/08,#N/A,#N/A,#N/A,#N/A,#N/A,,,,
2021/06/09,#N/A,#N/A,#N/A,#N/A,#N/A,,,,
2021/06/10,#N/A,#N/A,#N/A,#N/A,#N/A,,,,
2021/06/11,-845,588.56,745.09,#N/A,#N/A,,,,
2021/06/12,#N/A,#N/A,#N/A,#N/A,#N/A,,,,
2021/06/13,#N/A,#N/A,#N/A,#N/A,#N/A,,,,
2021/06/14,#N/A,#N/A,#N/A,#N/A,#N/A,,,,
2021/06/15,#N/A,#N/A,#N/A,#N/A,#N/A,,,,
2021/06/16,#N/A,#N/A,#N/A,#N/A,#N/A,,,,
2021/06/17,#N/A,#N/A,#N/A,#N/A,#N/A,,,,
2021/06/18,-872,556.94,682.45,#N/A,#N/A,,,,
2021/06/19,#N/A,#N/A,#N/A,#N/A,#N/A,,,,
2021/06/20,#N/A,#N/A,#N/A,#N/A,#N/A,,,,
2021/06/21,#N/A,#N/A,#N/A,#N/A,#N/A,,,,
2021/06/22,#N/A,#N/A,#N/A,#N/A,#N/A,,,,
2021/06/23,#N/A,#N/A,#N/A,#N/A,#N/A,,,,
2021/06/24,#N/A,#N/A,#N/A,#N/A,#N/A,,,,
2021/06/25,-910,627.8,535.46,#N/A,#N/A,,,,
2021/06/26,#N/A,#N/A,#N/A,#N/A,#N/A,,,,
2021/06/27,#N/A,#N/A,#N/A,#N/A,#N/A,,,,
2021/06/28,#N/A,#N/A,#N/A,#N/A,#N/A,,,,
2021/06/29,#N/A,#N/A,#N/A,#N/A,#N/A,,,,
2021/06/30,#N/A,#N/A,#N/A,#N/A,#N/A,,,,
2021/07/01,#N/A,#N/A,#N/A,#N/A,#N/A,,,,
2021/07/02,-917,767.74,545.35,#N/A,#N/A,,,,
2021/07/03,#N/A,#N/A,#N/A,#N/A,#N/A,,,,
2021/07/04,#N/A,#N/A,#N/A,#N/A,#N/A,,,,
2021/07/05,#N/A,#N/A,#N/A,#N/A,#N/A,,,,
2021/07/06,#N/A,#N/A,#N/A,#N/A,#N/A,,,,
2021/07/07,#N/A,#N/A,#N/A,#N/A,#N/A,,,,
2021/07/08,#N/A,#N/A,#N/A,#N/A,#N/A,,,,
2021/07/09,-920,816.46,575.11,#N/A,#N/A,,,,
2021/07/10,#N/A,#N/A,#N/A,#N/A,#N/A,,,,
2021/07/11,#N/A,#N/A,#N/A,#N/A,#N/A,,,,
2021/07/12,#N/A,#N/A,#N/A,#N/A,#N/A,,,,
2021/07/13,#N/A,#N/A,#N/A,#N/A,#N/A,,,,
2021/07/14,#N/A,#N/A,#N/A,#N/A,#N/A,,,,
2021/07/15,#N/A,#N/A,#N/A,#N/A,#N/A,,,,
2021/07/16,-867,780,599.98,#N/A,#N/A,,,,
2021/07/17,#N/A,#N/A,#N/A,#N/A,#N/A,,,,
2021/07/18,#N/A,#N/A,#N/A,#N/A,#N/A,,,,
2021/07/19,#N/A,#N/A,#N/A,#N/A,#N/A,,,,
2021/07/20,#N/A,#N/A,#N/A,#N/A,#N/A,,,,
2021/07/21,#N/A,#N/A,#N/A,#N/A,#N/A,,,,
2021/07/22,#N/A,#N/A,#N/A,#N/A,#N/A,,,,
2021/07/23,-957,636.64,575.06,#N/A,#N/A,,,,
2021/07/24,#N/A,#N/A,#N/A,#N/A,#N/A,,,,
2021/07/25,#N/A,#N/A,#N/A,#N/A,#N/A,,,,
2021/07/26,#N/A,#N/A,#N/A,#N/A,#N/A,,,,
2021/07/27,#N/A,#N/A,#N/A,#N/A,#N/A,,,,
2021/07/28,#N/A,#N/A,#N/A,#N/A,#N/A,,,,
2021/07/29,#N/A,#N/A,#N/A,#N/A,#N/A,,,,
2021/07/30,-921,553.51,480.14,#N/A,#N/A,,,,
2021/07/31,#N/A,#N/A,#N/A,#N/A,#N/A,,,,
2021/08/01,#N/A,#N/A,#N/A,#N/A,#N/A,,,,
2021/08/02,#N/A,#N/A,#N/A,#N/A,#N/A,,,,
2021/08/03,#N/A,#N/A,#N/A,#N/A,#N/A,,,,
2021/08/04,#N/A,#N/A,#N/A,#N/A,#N/A,,,,
2021/08/05,#N/A,#N/A,#N/A,#N/A,#N/A,,,,
2021/08/06,-761,481.67,609.75,#N/A,#N/A,,,,
2021/08/07,#N/A,#N/A,#N/A,#N/A,#N/A,,,,
2021/08/08,#N/A,#N/A,#N/A,#N/A,#N/A,,,,
2021/08/09,#N/A,#N/A,#N/A,#N/A,#N/A,,,,
2021/08/10,#N/A,#N/A,#N/A,#N/A,#N/A,,,,
2021/08/11,#N/A,#N/A,#N/A,#N/A,#N/A,,,,
2021/08/12,#N/A,#N/A,#N/A,#N/A,#N/A,,,,
2021/08/13,-839,349.52,589.53,#N/A,#N/A,,,,
2021/08/14,#N/A,#N/A,#N/A,#N/A,#N/A,,,,
2021/08/15,#N/A,#N/A,#N/A,#N/A,#N/A,,,,
2021/08/16,#N/A,#N/A,#N/A,#N/A,#N/A,,,,
2021/08/17,#N/A,#N/A,#N/A,#N/A,#N/A,,,,
2021/08/18,#N/A,#N/A,#N/A,#N/A,#N/A,,,,
2021/08/19,#N/A,#N/A,#N/A,#N/A,#N/A,,,,
2021/08/20,-636,238.16,697.78,#N/A,#N/A,,,,
2021/08/21,#N/A,#N/A,#N/A,#N/A,#N/A,,,,
2021/08/22,#N/A,#N/A,#N/A,#N/A,#N/A,,,,
2021/08/23,#N/A,#N/A,#N/A,#N/A,#N/A,,,,
2021/08/24,#N/A,#N/A,#N/A,#N/A,#N/A,,,,
2021/08/25,#N/A,#N/A,#N/A,#N/A,#N/A,,,,
2021/08/26,#N/A,#N/A,#N/A,#N/A,#N/A,,,,
2021/08/27,-735,185.13,574.18,#N/A,#N/A,,,,
2021/08/28,#N/A,#N/A,#N/A,#N/A,#N/A,,,,
2021/08/29,#N/A,#N/A,#N/A,#N/A,#N/A,,,,
2021/08/30,#N/A,#N/A,#N/A,#N/A,#N/A,,,,
2021/08/31,#N/A,#N/A,#N/A,#N/A,#N/A,,,,
2021/09/01,#N/A,#N/A,#N/A,#N/A,#N/A,,,,
2021/09/02,#N/A,#N/A,#N/A,#N/A,#N/A,,,,
2021/09/03,-921,457.04,460.59,#N/A,#N/A,,,,
2021/09/04,#N/A,#N/A,#N/A,#N/A,#N/A,,,,
2021/09/05,#N/A,#N/A,#N/A,#N/A,#N/A,,,,
2021/09/06,#N/A,#N/A,#N/A,#N/A,#N/A,,,,
2021/09/07,#N/A,#N/A,#N/A,#N/A,#N/A,,,,
2021/09/08,#N/A,#N/A,#N/A,#N/A,#N/A,,,,
2021/09/09,#N/A,#N/A,#N/A,#N/A,#N/A,,,,
2021/09/10,-833,208.13,629.59,#N/A,#N/A,,,,
2021/09/11,#N/A,#N/A,#N/A,#N/A,#N/A,,,,
2021/09/12,#N/A,#N/A,#N/A,#N/A,#N/A,,,,
2021/09/13,#N/A,#N/A,#N/A,#N/A,#N/A,,,,
2021/09/14,#N/A,#N/A,#N/A,#N/A,#N/A,,,,
2021/09/15,#N/A,#N/A,#N/A,#N/A,#N/A,,,,
2021/09/16,#N/A,#N/A,#N/A,#N/A,#N/A,,,,
2021/09/17,-660,533.51,920.07,#N/A,#N/A,,,,
2021/09/18,#N/A,#N/A,#N/A,#N/A,#N/A,,,,
2021/09/19,#N/A,#N/A,#N/A,#N/A,#N/A,,,,
2021/09/20,#N/A,#N/A,#N/A,#N/A,#N/A,,,,
2021/09/21,#N/A,#N/A,#N/A,#N/A,#N/A,,,,
2021/09/22,#N/A,#N/A,#N/A,#N/A,#N/A,,,,
2021/09/23,#N/A,#N/A,#N/A,#N/A,#N/A,,,,
2021/09/24,-916,770.36,680.42,#N/A,#N/A,,,,
2021/09/25,#N/A,#N/A,#N/A,#N/A,#N/A,,,,
2021/09/26,#N/A,#N/A,#N/A,#N/A,#N/A,,,,
2021/09/27,#N/A,#N/A,#N/A,#N/A,#N/A,,,,
2021/09/28,#N/A,#N/A,#N/A,#N/A,#N/A,,,,
2021/09/29,#N/A,#N/A,#N/A,#N/A,#N/A,,,,
2021/09/30,#N/A,#N/A,#N/A,#N/A,#N/A,,,,
2021/10/01,-939,832.2,773.92,#N/A,#N/A,,,,
2021/10/02,#N/A,#N/A,#N/A,#N/A,#N/A,,,,
2021/10/03,#N/A,#N/A,#N/A,#N/A,#N/A,,,,
2021/10/04,#N/A,#N/A,#N/A,#N/A,#N/A,,,,
2021/10/05,#N/A,#N/A,#N/A,#N/A,#N/A,,,,
2021/10/06,#N/A,#N/A,#N/A,#N/A,#N/A,,,,
2021/10/07,#N/A,#N/A,#N/A,#N/A,#N/A,,,,
2021/10/08,-410,1200.33,773.92,#N/A,#N/A,,,,
2021/10/09,#N/A,#N/A,#N/A,#N/A,#N/A,,,,
2021/10/10,#N/A,#N/A,#N/A,#N/A,#N/A,,,,
2021/10/11,#N/A,#N/A,#N/A,#N/A,#N/A,,,,
2021/10/12,#N/A,#N/A,#N/A,#N/A,#N/A,,,,
2021/10/13,#N/A,#N/A,#N/A,#N/A,#N/A,,,,
2021/10/14,#N/A,#N/A,#N/A,#N/A,#N/A,,,,
2021/10/15,35,1296.3,1137.6,#N/A,#N/A,,,,
2021/10/16,#N/A,#N/A,#N/A,#N/A,#N/A,,,,
2021/10/17,#N/A,#N/A,#N/A,#N/A,#N/A,,,,
2021/10/18,#N/A,#N/A,#N/A,#N/A,#N/A,,,,
2021/10/19,#N/A,#N/A,#N/A,#N/A,#N/A,,,,
2021/10/20,#N/A,#N/A,#N/A,#N/A,#N/A,,,,
2021/10/21,#N/A,#N/A,#N/A,#N/A,#N/A,,,,
2021/10/22,-63.98,1465.22,1850.92,#N/A,#N/A,,,,
2021/10/23,#N/A,#N/A,#N/A,#N/A,#N/A,,,,
2021/10/24,#N/A,#N/A,#N/A,#N/A,#N/A,,,,
2021/10/25,#N/A,#N/A,#N/A,#N/A,#N/A,,,,
2021/10/26,#N/A,#N/A,#N/A,#N/A,#N/A,,,,
2021/10/27,#N/A,#N/A,#N/A,#N/A,#N/A,,,,
2021/10/28,#N/A,#N/A,#N/A,#N/A,#N/A,,,,
2021/10/29,-601,1582.54,1294.1,#N/A,#N/A,,,,
2021/10/30,#N/A,#N/A,#N/A,#N/A,#N/A,,,,
2021/10/31,#N/A,#N/A,#N/A,#N/A,#N/A,,,,
2021/11/01,#N/A,#N/A,#N/A,#N/A,#N/A,,,,
2021/11/02,#N/A,#N/A,#N/A,#N/A,#N/A,,,,
2021/11/03,#N/A,#N/A,#N/A,#N/A,#N/A,,,,
2021/11/04,#N/A,#N/A,#N/A,#N/A,#N/A,,,,
2021/11/05,-866,1251.09,1077.7,#N/A,#N/A,,,,
2021/11/06,#N/A,#N/A,#N/A,#N/A,#N/A,,,,
2021/11/07,#N/A,#N/A,#N/A,#N/A,#N/A,,,,
2021/11/08,#N/A,#N/A,#N/A,#N/A,#N/A,,,,
2021/11/09,#N/A,#N/A,#N/A,#N/A,#N/A,,,,
2021/11/10,#N/A,#N/A,#N/A,#N/A,#N/A,,,,
2021/11/11,#N/A,#N/A,#N/A,#N/A,#N/A,,,,
2021/11/12,-1464,876.05,742.53,#N/A,#N/A,,,,
2021/11/13,#N/A,#N/A,#N/A,#N/A,#N/A,,,,
2021/11/14,#N/A,#N/A,#N/A,#N/A,#N/A,,,,
2021/11/15,#N/A,#N/A,#N/A,1454,1223,,,,
2021/11/16,#N/A,#N/A,#N/A,1468,1316,,,,
2021/11/17,#N/A,#N/A,#N/A,1468,1316,,,,
2021/11/18,#N/A,#N/A,#N/A,1436,1275,,,,
2021/11/19,-1449,703.98,903.07,1543,1388,,,,
2021/11/20,#N/A,#N/A,#N/A,1543,1388,,,,
2021/11/21,#N/A,#N/A,#N/A,1543,1388,,,,
2021/11/22,#N/A,#N/A,#N/A,1436,1274,,,,
2021/11/23,#N/A,#N/A,#N/A,1326,1145,,,,
2021/11/24,#N/A,#N/A,#N/A,1372,1172,,,,
2021/11/25,#N/A,#N/A,#N/A,1380,1171,,,,
2021/11/26,-1129,616.5,950.64,1834.109559,1625.612254,,,,
2021/11/27,#N/A,#N/A,#N/A,1834.109559,1625.612254,,,,
2021/11/28,#N/A,#N/A,#N/A,1834.109559,1625.612254,,,,
2021/11/29,#N/A,#N/A,#N/A,1733.14814,1554.40277,,,,
2021/11/30,#N/A,#N/A,#N/A,1864.741353,1682.538572,,,,
2021/12/01,#N/A,#N/A,#N/A,1904.890261,1735.607281,,,,
2021/12/02,#N/A,#N/A,#N/A,1879.273583,1690.064995,,,,
2021/12/03,539,495.9,1302.44,1824.976815,1646.777353,,,,
2021/12/04,#N/A,#N/A,#N/A,1824.976815,1646.777353,,,,
2021/12/05,#N/A,#N/A,#N/A,1824.976815,1646.777353,,,,
2021/12/06,#N/A,#N/A,#N/A,1592,1415,,,,
2021/12/07,#N/A,#N/A,#N/A,1499.495952,1326.646379,,,,
2021/12/08,#N/A,#N/A,#N/A,1508.68437,1320.731367,,,,
2021/12/09,#N/A,#N/A,#N/A,1591.696136,1393.916806,,,,
2021/12/10,269,461.28,1096.72,1560.075654,1347.465849,,,,
2021/12/11,#N/A,#N/A,#N/A,1560.075654,1347.465849,,,,
2021/12/12,#N/A,#N/A,#N/A,1560.075654,1347.465849,,,,
2021/12/13,#N/A,#N/A,#N/A,1585.189416,1369.304168,,,,
2021/12/14,#N/A,#N/A,#N/A,1621.774221,1380.595279,,,,
2021/12/15,#N/A,#N/A,#N/A,1595.627663,1352.720015,,,,
2021/12/16,#N/A,#N/A,#N/A,1531.429438,1261.590374,,,,
2021/12/17,356,520.21,960.14,1577.792649,1296.034614,,,,
2021/12/18,#N/A,#N/A,#N/A,1577.792649,1296.034614,,,,
2021/12/19,#N/A,#N/A,#N/A,1577.792649,1296.034614,,,,
2021/12/20,#N/A,#N/A,#N/A,1612,1303,,,,
2021/12/21,#N/A,#N/A,#N/A,1501,1176,,,,
2021/12/22,#N/A,#N/A,#N/A,1439,1113,,,,
2021/12/23,#N/A,#N/A,#N/A,1376,1028,,,,
2021/12/24,378,504.28,905.4,1415,1061,,,,
2021/12/25,#N/A,#N/A,#N/A,1415,1061,,,,
2021/12/26,#N/A,#N/A,#N/A,1415,1061,,,,
2021/12/27,#N/A,#N/A,#N/A,1301,934,,,,
2021/12/28,#N/A,#N/A,#N/A,1292,913,,,,
2021/12/29,#N/A,#N/A,#N/A,1279,908,,,,
2021/12/30,#N/A,#N/A,#N/A,1277,905,,,,
2021/12/31,320,562.18,747.05,1346,978,,,,
2022/01/01,#N/A,#N/A,#N/A,1346,978,,,,
2022/01/02,#N/A,#N/A,#N/A,1346,978,,,,
2022/01/03,#N/A,#N/A,#N/A,1290,922,,,,
2022/01/04,#N/A,#N/A,#N/A,1268,846,,,,
2022/01/05,#N/A,#N/A,#N/A,1231,812,,,,
2022/01/06,#N/A,#N/A,#N/A,1194,785,,,,
2022/01/07,180,658.04,662.03,1256.602595,858,,,,
2022/01/08,#N/A,#N/A,#N/A,1256.602595,858,,,,
2022/01/09,#N/A,#N/A,#N/A,1256.602595,858,,,,
2022/01/10,#N/A,#N/A,#N/A,1273.890094,954,,,,
2022/01/11,#N/A,#N/A,#N/A,1130,830,,,,
2022/01/12,#N/A,#N/A,#N/A,1091,835,,,,
2022/01/13,#N/A,#N/A,#N/A,1128,918,,,,
2022/01/14,128,1108.05,621.11,1044,843,,,,
2022/01/15,#N/A,#N/A,#N/A,1044,843,,,,
2022/01/16,#N/A,#N/A,#N/A,1044,843,,,,
2022/01/17,#N/A,#N/A,#N/A,1039,871,,,,
2022/01/18,#N/A,#N/A,#N/A,1068,921,,,,
2022/01/19,#N/A,#N/A,#N/A,1041,901,,,,
2022/01/20,#N/A,#N/A,#N/A,1074,951,,,,
2022/01/21,34,1205.71,576.84,1098,986,,,,
2022/01/22,#N/A,#N/A,#N/A,1098,986,,,,
2022/01/23,#N/A,#N/A,#N/A,1098,986,,,,
2022/01/24,#N/A,#N/A,#N/A,1157,1056,,,,
2022/01/25,#N/A,#N/A,#N/A,1065,984,,,,
2022/01/26,#N/A,#N/A,#N/A,1004,932,,,,
2022/01/27,#N/A,#N/A,#N/A,1058,1046,,,,
2022/01/28,-94,1191.08,513.34,1018,1081,,,,
2022/01/29,#N/A,#N/A,#N/A,1035,1233,,,,
2022/01/30,#N/A,#N/A,#N/A,1100,1372.651105,,,,
2022/01/31,#N/A,#N/A,#N/A,1045,1317.51464,,,,
2022/02/01,#N/A,#N/A,#N/A,1141,1413.302567,,,,
2022/02/02,#N/A,#N/A,#N/A,1126,1398.817564,,,,
2022/02/03,#N/A,#N/A,#N/A,1050,1322.187222,,,,
2022/02/04,495,1191.08,606.38,993,1266.11624,,,,
2022/02/05,#N/A,#N/A,#N/A,993,1266.11624,,,,
2022/02/06,#N/A,#N/A,#N/A,993,1266.11624,,,,
2022/02/07,#N/A,#N/A,#N/A,1098,1642.301429,,,,
2022/02/08,#N/A,#N/A,#N/A,1182,1758.796743,,,,
2022/02/09,#N/A,#N/A,#N/A,1134,1734.203966,,,,
2022/02/10,#N/A,#N/A,#N/A,1123,1741.16977,,,,
2022/02/11,470,1583.8,854.79,963,1581.138846,,,,
2022/02/12,#N/A,#N/A,#N/A,963,1581.138846,,,,
2022/02/13,#N/A,#N/A,#N/A,963,1581.138846,,,,
2022/02/14,#N/A,#N/A,#N/A,903,1555.992887,,,,
2022/02/15,#N/A,#N/A,#N/A,1080,1737.016538,,,,
2022/02/16,#N/A,#N/A,#N/A,1006,1664.634418,,,,
2022/02/17,#N/A,#N/A,#N/A,1082,1742.163131,,,,
2022/02/18,212,1596.41,776.05,1072,1737.181246,,,,
2022/02/19,#N/A,#N/A,#N/A,1072,1737.181246,,,,
2022/02/20,#N/A,#N/A,#N/A,1072,1737.181246,,,,
2022/02/21,#N/A,#N/A,#N/A,966,1607.742282,,,,
2022/02/22,#N/A,#N/A,#N/A,899,1534.06996,,,,
2022/02/23,#N/A,#N/A,#N/A,921,1569.531194,,,,
2022/02/24,#N/A,#N/A,#N/A,820,1466.335238,,,,
2022/02/25,273,1387.45,733.39,953,1579.847808,,,,
2022/02/26,#N/A,#N/A,#N/A,953,1579.847808,,,,
2022/02/27,#N/A,#N/A,#N/A,953,1579.847808,,,,
2022/02/28,#N/A,#N/A,#N/A,848,1450.800923,,,,
2022/03/01,#N/A,#N/A,#N/A,694,1289.279823,,,,
2022/03/02,#N/A,#N/A,#N/A,418,987.9771714,,,,
2022/03/03,#N/A,#N/A,#N/A,668,1202.677391,,,,
2022/03/04,10.17,1305.36,407.16,362,897.1382745,,,,
2022/03/05,#N/A,#N/A,#N/A,346,881,,,,
2022/03/06,#N/A,#N/A,#N/A,346,881,,,,
2022/03/07,#N/A,#N/A,#N/A,310,922,,,,
2022/03/08,#N/A,#N/A,#N/A,157,792,,,,
2022/03/09,#N/A,#N/A,#N/A,943,1574,,,,
2022/03/10,#N/A,#N/A,#N/A,1035,1664,,,,
2022/03/11,310,1466.81,231.02,864,1492,,,,
2022/03/12,#N/A,#N/A,#N/A,864,1492,,,,
2022/03/13,#N/A,#N/A,#N/A,864,1492,,,,
2022/03/14,#N/A,#N/A,#N/A,1113,1744,,,,
2022/03/15,#N/A,#N/A,#N/A,1430,2044,,,,
2022/03/16,#N/A,#N/A,#N/A,1503,2114,,,,
2022/03/17,#N/A,#N/A,#N/A,1112,1727,,,,
2022/03/18,1077,1347.6,582,1348,1757,,,,
2022/03/19,#N/A,#N/A,#N/A,1348,1757,,,,
2022/03/20,#N/A,#N/A,#N/A,1348,1757,,,,
2022/03/21,#N/A,#N/A,#N/A,950,1348,,,,
2022/03/22,#N/A,#N/A,#N/A,950,1329,,,,
2022/03/23,#N/A,#N/A,#N/A,681,1037,,,,
2022/03/24,#N/A,#N/A,#N/A,802,1143,,,,
2022/03/25,206,1265.36,104.11,694,1008,,,,
2022/03/26,#N/A,#N/A,#N/A,694,1008,,,,
2022/03/27,#N/A,#N/A,#N/A,694,1008,,,,
2022/03/28,#N/A,#N/A,#N/A,1025,1322,,,,
2022/03/29,#N/A,#N/A,#N/A,1082,1320,,,,
2022/03/30,#N/A,#N/A,#N/A,912,1131,,,,
2022/03/31,#N/A,#N/A,#N/A,1141,1337,,,,
2022/04/01,265,670.98,-75.86,1049,1175,,,,
2022/04/02,#N/A,#N/A,#N/A,1022,1110,,,,
2022/04/03,#N/A,#N/A,#N/A,1185,1274,,,,
2022/04/04,#N/A,#N/A,#N/A,1237,1325,,,,
2022/04/05,#N/A,#N/A,#N/A,1081,1169,,,,
2022/04/06,#N/A,#N/A,#N/A,1236,1277,,,,
2022/04/07,#N/A,#N/A,#N/A,1216,1193,,,,
2022/04/08,529,-159.97,258.73,1102,1028,,,,
2022/04/09,#N/A,#N/A,#N/A,1102,1028,,,,
2022/04/10,#N/A,#N/A,#N/A,1102,1028,,,,
2022/04/11,#N/A,#N/A,#N/A,1279,1169,,,,
2022/04/12,#N/A,#N/A,#N/A,981,871,,,,
2022/04/13,#N/A,#N/A,#N/A,788,637,,,,
2022/04/14,#N/A,#N/A,#N/A,669,518,,,,
2022/04/15,509,399.12,225.95,667,476,,,,
2022/04/16,#N/A,#N/A,#N/A,667,476,,,,
2022/04/17,#N/A,#N/A,#N/A,667,476,,,,
2022/04/18,#N/A,#N/A,#N/A,571,337,,,,
2022/04/19,#N/A,#N/A,#N/A,871,600,,,,
2022/04/20,#N/A,#N/A,#N/A,906,614,,,,
2022/04/21,#N/A,#N/A,#N/A,875,563,,,,
2022/04/22,399,32.23,36.32,1002,686,,,,
2022/04/23,#N/A,#N/A,#N/A,1002,686,,,,
2022/04/24,#N/A,#N/A,#N/A,1016,731,,,,
2022/04/25,#N/A,#N/A,#N/A,1100,822,,,,
2022/04/26,#N/A,#N/A,#N/A,960,679,,,,
2022/04/27,#N/A,#N/A,#N/A,930,662,,,,
2022/04/28,#N/A,#N/A,#N/A,814,552,,,,
2022/04/29,362,73.74,246.55,708.4052141,450.3031522,,,,
2022/04/30,#N/A,#N/A,#N/A,708.4052141,450.3031522,,,,
2022/05/01,#N/A,#N/A,#N/A,708.4052141,450.3031522,,,,
2022/05/02,#N/A,#N/A,#N/A,793.7788383,535.6767763,,,,
2022/05/03,#N/A,#N/A,#N/A,920.3840423,662.2819803,,,,
2022/05/04,#N/A,#N/A,#N/A,669.5990213,411.4969594,,,,
2022/05/05,#N/A,#N/A,#N/A,687.741461,422.4152287,,,,
2022/05/06,260,186.57,34.84,598.7479231,321.2115691,,,,
2022/05/07,#N/A,#N/A,#N/A,621,340,,,,
2022/05/08,#N/A,#N/A,#N/A,621,340,,,,
2022/05/09,#N/A,#N/A,#N/A,933,642,,,,
2022/05/10,#N/A,#N/A,#N/A,1021,722,,,,
2022/05/11,#N/A,#N/A,#N/A,738,446,,,,
2022/05/12,#N/A,#N/A,#N/A,767,465,,,,
2022/05/13,143,308.91,-17.23,510,210,,,,
2022/05/14,#N/A,#N/A,#N/A,510,210,,,,
2022/05/15,#N/A,#N/A,#N/A,506,200,,,,
2022/05/16,#N/A,#N/A,#N/A,372,66,,,,
2022/05/17,#N/A,#N/A,#N/A,529,230,,,,
2022/05/18,#N/A,#N/A,#N/A,707,406,,,,
2022/05/19,#N/A,#N/A,#N/A,541,230,,,,
2022/05/20,221,31.1,-179.48,517,206,,,,
2022/05/21,#N/A,#N/A,#N/A,517,206,,,,
2022/05/22,#N/A,#N/A,#N/A,517,206,,,,
2022/05/23,#N/A,#N/A,#N/A,531,225,,,,
2022/05/24,#N/A,#N/A,#N/A,546,245,,,,
2022/05/25,#N/A,#N/A,#N/A,529,226,,,,
2022/05/26,#N/A,#N/A,#N/A,343,44,,,,
2022/05/27,129,383.05,-93.4,280,-20,,,,
2022/05/28,#N/A,#N/A,#N/A,280,-20,,,,
2022/05/29,#N/A,#N/A,#N/A,280,-20,,,,
2022/05/30,#N/A,#N/A,#N/A,171,-125,,,,
2022/05/31,#N/A,#N/A,#N/A,230,-85,,,,
2022/06/01,#N/A,#N/A,#N/A,566,262,,,,
2022/06/02,#N/A,#N/A,#N/A,463,195,,,,
2022/06/03,93,274.7,-184.32,360,92,,,,
2022/06/04,#N/A,#N/A,#N/A,360,92,,,,
2022/06/05,#N/A,#N/A,#N/A,427,200,,,,
2022/06/06,#N/A,#N/A,#N/A,452,274,,,,
2022/06/07,#N/A,#N/A,#N/A,408,254,,,,
2022/06/08,#N/A,#N/A,#N/A,265,166,,,,
2022/06/09,#N/A,#N/A,#N/A,280,212,,,,
2022/06/10,404,351.26,192.25,332,264,,,,
2022/06/11,#N/A,#N/A,#N/A,332,264,,,,
2022/06/12,#N/A,#N/A,#N/A,332,264,,,,
2022/06/13,#N/A,#N/A,#N/A,283,242,,,,
2022/06/14,#N/A,#N/A,#N/A,309,288,,,,
2022/06/15,#N/A,#N/A,#N/A,477,495,,,,
2022/06/16,#N/A,#N/A,#N/A,437,462,,,,
2022/06/17,432,309.2,168.19,766,801,,,,
2022/06/18,#N/A,#N/A,#N/A,766,801,,,,
2022/06/19,#N/A,#N/A,#N/A,766,801,,,,
2022/06/20,#N/A,#N/A,#N/A,653,702,,,,
2022/06/21,#N/A,#N/A,#N/A,585,626,,,,
2022/06/22,#N/A,#N/A,#N/A,714,761,,,,
2022/06/23,#N/A,#N/A,#N/A,756,803,,,,
2022/06/24,735,167.05,399.36,576,635,,,,
2022/06/25,#N/A,#N/A,#N/A,576,635,,,,
2022/06/26,#N/A,#N/A,#N/A,576,635,,,,
2022/06/27,#N/A,#N/A,#N/A,450,517,,,,
2022/06/28,#N/A,#N/A,#N/A,289,349,,,,
2022/06/29,#N/A,#N/A,#N/A,345,388,,,,
2022/06/30,#N/A,#N/A,#N/A,414,453,,,,
2022/07/01,533,-115.85,314.04,583,611,,,,
2022/07/02,#N/A,#N/A,#N/A,583,611,,,,
2022/07/03,#N/A,#N/A,#N/A,583,611,,,,
2022/07/04,#N/A,#N/A,#N/A,471,494,,,,
2022/07/05,#N/A,#N/A,#N/A,1005,1032,,,,
2022/07/06,#N/A,#N/A,#N/A,1067,1104,,,,
2022/07/07,#N/A,#N/A,#N/A,847,886,,,,
2022/07/08,766,-327.92,481.33,732,754,,,,
2022/07/09,#N/A,#N/A,#N/A,732,754,,,,
2022/07/10,#N/A,#N/A,#N/A,732,754,,,,
2022/07/11,#N/A,#N/A,#N/A,714,751,,,,
2022/07/12,#N/A,#N/A,#N/A,1040,1083,,,,
2022/07/13,#N/A,#N/A,#N/A,1036,1079,,,,
2022/07/14,#N/A,#N/A,#N/A,974,973,,,,
2022/07/15,842,-445.73,566.05,820,827,,,,
2022/07/16,#N/A,#N/A,#N/A,820,827,,,,
2022/07/17,#N/A,#N/A,#N/A,820,827,,,,
2022/07/18,#N/A,#N/A,#N/A,547,549,,,,
2022/07/19,#N/A,#N/A,#N/A,490,501,,,,
2022/07/20,#N/A,#N/A,#N/A,473,467,,,,
2022/07/21,#N/A,#N/A,#N/A,570,525,,,,
2022/07/22,744,-392.91,384.14,535,504,,,,
2022/07/23,#N/A,#N/A,#N/A,535,504,,,,
2022/07/24,#N/A,#N/A,#N/A,535,504,,,,
2022/07/25,#N/A,#N/A,#N/A,374,325,,,,
2022/07/26,#N/A,#N/A,#N/A,352,278,,,,
2022/07/27,#N/A,#N/A,#N/A,163,107,,,,
2022/07/28,#N/A,#N/A,#N/A,171,118,,,,
2022/07/29,616,-220.15,121.26,61,0,,,,
2022/07/30,#N/A,#N/A,#N/A,61,0,,,,
2022/07/31,#N/A,#N/A,#N/A,61,0,,,,
2022/08/01,#N/A,#N/A,#N/A,863,649,,,,
2022/08/02,#N/A,#N/A,#N/A,928,666,,,,
2022/08/03,#N/A,#N/A,#N/A,1113,837,,,,
2022/08/04,#N/A,#N/A,#N/A,1177,920,,,,
2022/08/05,854,74.2,511.6,1153,897,,,,
2022/08/06,#N/A,#N/A,#N/A,1153,897,,,,
2022/08/07,#N/A,#N/A,#N/A,1153,897,,,,
2022/08/08,#N/A,#N/A,#N/A,987,718,,,,
2022/08/09,#N/A,#N/A,#N/A,1000,734,,,,
2022/08/10,#N/A,#N/A,#N/A,921,668,,,,
2022/08/11,#N/A,#N/A,#N/A,818,564,,,,
2022/08/12,866,-162.9,786.32,860,607,,,,
2022/08/13,#N/A,#N/A,#N/A,860,607,,,,
2022/08/14,#N/A,#N/A,#N/A,991,679,,,,
2022/08/15,#N/A,#N/A,#N/A,1142,830,,,,
2022/08/16,#N/A,#N/A,#N/A,1310,1012,,,,
2022/08/17,#N/A,#N/A,#N/A,1278,987,,,,
2022/08/18,#N/A,#N/A,#N/A,1151,857,,,,
2022/08/19,856,-1.28,966.02,1154,844,,,,
2022/08/20,#N/A,#N/A,#N/A,1154,844,,,,
2022/08/21,#N/A,#N/A,#N/A,1154,844,,,,
2022/08/22,#N/A,#N/A,#N/A,1149,822,,,,
2022/08/23,#N/A,#N/A,#N/A,933,600,,,,
2022/08/24,#N/A,#N/A,#N/A,943,593,,,,
2022/08/25,#N/A,#N/A,#N/A,1086,713,,,,
2022/08/26,799,-57.41,669.88,1018,641,,,,
2022/08/27,#N/A,#N/A,#N/A,1018,641,,,,
2022/08/28,#N/A,#N/A,#N/A,1018,641,,,,
2022/08/29,#N/A,#N/A,#N/A,1042,667,,,,
2022/08/30,#N/A,#N/A,#N/A,1220,866,,,,
2022/08/31,#N/A,#N/A,#N/A,1359,1024,,,,
2022/09/01,#N/A,#N/A,#N/A,1588,1232,,,,
2022/09/02,984,436.44,736.79,1535,1156,,,,
2022/09/03,#N/A,#N/A,#N/A,1535,1156,,,,
2022/09/04,#N/A,#N/A,#N/A,1535,1156,,,,
2022/09/05,#N/A,#N/A,#N/A,1395,1018,,,,
2022/09/06,#N/A,#N/A,#N/A,1563,1199,,,,
2022/09/07,#N/A,#N/A,#N/A,1959,1475,,,,
2022/09/08,#N/A,#N/A,#N/A,1893,1379,,,,
2022/09/09,1306,593.74,1065.01,1702,1187,,,,
2022/09/10,#N/A,#N/A,#N/A,1702,1187,,,,
2022/09/11,#N/A,#N/A,#N/A,1702,1187,,,,
2022/09/12,#N/A,#N/A,#N/A,1643,1129,,,,
2022/09/13,#N/A,#N/A,#N/A,1687,1178,,,,
2022/09/14,#N/A,#N/A,#N/A,1617,1112,,,,
2022/09/15,#N/A,#N/A,#N/A,1781,1255,,,,
2022/09/16,1121,621.52,860.93,1730,1174,,,,
2022/09/17,#N/A,#N/A,#N/A,1730,1174,,,,
2022/09/18,#N/A,#N/A,#N/A,1730,1174,,,,
2022/09/19,#N/A,#N/A,#N/A,1663,1082,,,,
2022/09/20,#N/A,#N/A,#N/A,1717,1108,,,,
2022/09/21,#N/A,#N/A,#N/A,1735,1104,,,,
2022/09/22,#N/A,#N/A,#N/A,1547,985,,,,
2022/09/23,1101,219.16,770.04,1768,1183,,,,
2022/09/24,#N/A,#N/A,#N/A,1768,1183,,,,
2022/09/25,#N/A,#N/A,#N/A,1768,1183,,,,
2022/09/26,#N/A,#N/A,#N/A,1851,1243,,,,
2022/09/27,#N/A,#N/A,#N/A,1708,1089,,,,
2022/09/28,#N/A,#N/A,#N/A,1525,902,,,,
2022/09/29,#N/A,#N/A,#N/A,1573,946,,,,
2022/09/30,1096,43.47,875.52,1610,984,,,,
2022/10/01,#N/A,#N/A,#N/A,1610,984,,,,
2022/10/02,#N/A,#N/A,#N/A,1610,984,,,,
2022/10/03,#N/A,#N/A,#N/A,1563,937,,,,
2022/10/04,#N/A,#N/A,#N/A,1410,784,,,,
2022/10/05,#N/A,#N/A,#N/A,1328,702,,,,
2022/10/06,#N/A,#N/A,#N/A,1274,648,,,,
2022/10/07,750,381.47,598.05,1091,465,,,,
2022/10/08,#N/A,#N/A,#N/A,1110,503,,,,
2022/10/09,#N/A,#N/A,#N/A,1109,556,,,,
2022/10/10,#N/A,#N/A,#N/A,1199,667,,,,
2022/10/11,#N/A,#N/A,#N/A,1292,754,,,,
2022/10/12,#N/A,#N/A,#N/A,1385,829,,,,
2022/10/13,#N/A,#N/A,#N/A,1273,696,,,,
2022/10/14,730,417.25,439.72,1428,845,,,,
2022/10/15,#N/A,#N/A,#N/A,1428,872,,,,
2022/10/16,#N/A,#N/A,#N/A,1428,872,,,,
2022/10/17,#N/A,#N/A,#N/A,1425,818,,,,
2022/10/18,#N/A,#N/A,#N/A,1508,880,,,,
2022/10/19,#N/A,#N/A,#N/A,1383,721,,,,
2022/10/20,#N/A,#N/A,#N/A,1379,709,,,,
2022/10/21,975,455.32,573.71,1321,616,,,,
2022/10/22,#N/A,#N/A,#N/A,1321,616,,,,
2022/10/23,#N/A,#N/A,#N/A,1321,616,,,,
2022/10/24,#N/A,#N/A,#N/A,1330,613,,,,
2022/10/25,#N/A,#N/A,#N/A,1435,583,,,,
2022/10/26,#N/A,#N/A,#N/A,1325,463,,,,
2022/10/27,#N/A,#N/A,#N/A,1264,392,,,,
2022/10/28,1071,787.75,503.51,1319,456,,,,
2022/10/29,#N/A,#N/A,#N/A,1319,456,,,,
2022/10/30,#N/A,#N/A,#N/A,1319,456,,,,
2022/10/31,#N/A,#N/A,#N/A,1366,498,,,,
2022/11/01,#N/A,#N/A,#N/A,1356,463,,,,
2022/11/02,#N/A,#N/A,#N/A,1268,372,,,,
2022/11/03,#N/A,#N/A,#N/A,1325,432,,,,
2022/11/04,1043,409.72,456.73,1115,206,,,,
2022/11/05,#N/A,#N/A,#N/A,1115,206,,,,
2022/11/06,#N/A,#N/A,#N/A,1115,206,,,,
2022/11/07,#N/A,#N/A,#N/A,1171,310,,,,
2022/11/08,#N/A,#N/A,#N/A,1443,502,,,,
2022/11/09,#N/A,#N/A,#N/A,1584,633,,,,
2022/11/10,#N/A,#N/A,#N/A,1512,543,,,,
2022/11/11,1066,348.87,508.98,1425,435,,,,
2022/11/12,#N/A,#N/A,#N/A,1425,435,,,,
2022/11/13,#N/A,#N/A,#N/A,1425,435,,,,
2022/11/14,#N/A,#N/A,#N/A,1646,637,,,,
2022/11/15,#N/A,#N/A,#N/A,1639,613,,,,
2022/11/16,#N/A,#N/A,#N/A,1694,661,,,,
2022/11/17,#N/A,#N/A,#N/A,1834,776,,,,
2022/11/18,910,682.26,628.53,1918,850,,,,
2022/11/19,#N/A,#N/A,#N/A,1918,850,,,,
2022/11/20,#N/A,#N/A,#N/A,1918,850,,,,
2022/11/21,#N/A,#N/A,#N/A,1912,825,,,,
2022/11/22,#N/A,#N/A,#N/A,1711,682,,,,
2022/11/23,#N/A,#N/A,#N/A,1889,834,,,,
2022/11/24,#N/A,#N/A,#N/A,1891,815,,,,
2022/11/25,1098,447.83,769.92,1943,878,,,,
2022/11/26,#N/A,#N/A,#N/A,1943,878,,,,
2022/11/27,#N/A,#N/A,#N/A,1943,878,,,,
2022/11/28,#N/A,#N/A,#N/A,1903,847,,,,
2022/11/29,#N/A,#N/A,#N/A,1834,778,,,,
2022/11/30,#N/A,#N/A,#N/A,1677,616,,,,
2022/12/01,#N/A,#N/A,#N/A,1559,571,,,,
2022/12/02,736,113.14,576.49,1628,667,,,,
2022/12/03,#N/A,#N/A,#N/A,1628,667,,,,
2022/12/04,#N/A,#N/A,#N/A,1628,667,,,,
2022/12/05,#N/A,#N/A,#N/A,1716,786,,,,
2022/12/06,#N/A,#N/A,#N/A,1794,896,,,,
2022/12/07,#N/A,#N/A,#N/A,1867,967,,,,
2022/12/08,#N/A,#N/A,#N/A,1866,985,,,,
2022/12/09,1200,60.5,676.75,1815,958,,,,
2022/12/10,#N/A,#N/A,#N/A,1815,958,,,,
2022/12/11,#N/A,#N/A,#N/A,1815,958,,,,
2022/12/12,#N/A,#N/A,#N/A,1665,825,,,,
2022/12/13,#N/A,#N/A,#N/A,1488,672,,,,
2022/12/14,#N/A,#N/A,#N/A,1395,599,,,,
2022/12/15,#N/A,#N/A,#N/A,1515,768,,,,
2022/12/16,526,-2.32,810.78,1593,845,,,,
2022/12/17,#N/A,#N/A,#N/A,1593,845,,,,
2022/12/18,#N/A,#N/A,#N/A,1593,845,,,,
2022/12/19,#N/A,#N/A,#N/A,1477,764,,,,
2022/12/20,#N/A,#N/A,#N/A,1295,660,,,,
2022/12/21,#N/A,#N/A,#N/A,1169,539,,,,
2022/12/22,#N/A,#N/A,#N/A,1222,596,,,,
2022/12/23,199,16.71,430.94,1061,444,,,,
2022/12/24,#N/A,#N/A,#N/A,1061,444,,,,
2022/12/25,#N/A,#N/A,#N/A,1061,444,,,,
2022/12/26,#N/A,#N/A,#N/A,1037,425,,,,
2022/12/27,#N/A,#N/A,#N/A,1014,417,,,,
2022/12/28,#N/A,#N/A,#N/A,1035,454,,,,
2022/12/29,#N/A,#N/A,#N/A,1068,490,,,,
2022/12/30,82,281.95,165.08,882,313,,,,
2022/12/31,#N/A,#N/A,#N/A,882,313,,,,
2023/01/01,#N/A,#N/A,#N/A,882,313,,,,
2023/01/02,#N/A,#N/A,#N/A,882,313,,,,
2023/01/03,#N/A,#N/A,#N/A,1046,606,,,,
2023/01/04,#N/A,#N/A,#N/A,1324,891,,,,
2023/01/05,#N/A,#N/A,#N/A,1266,859,,,,
2023/01/06,599,481.69,409.53,1240,848,,,,
2023/01/07,#N/A,#N/A,#N/A,1240,848,,,,
2023/01/08,#N/A,#N/A,#N/A,1240,848,,,,
2023/01/09,#N/A,#N/A,#N/A,1223,942,,,,
2023/01/10,#N/A,#N/A,#N/A,1265,1179,,,,
2023/01/11,#N/A,#N/A,#N/A,1141,1096,,,,
2023/01/12,#N/A,#N/A,#N/A,1110,1070,,,,
2023/01/13,710,844.63,808.81,1073,1023,,,,
2023/01/14,#N/A,#N/A,#N/A,1073,1023,,,,
2023/01/15,#N/A,#N/A,#N/A,1073,1023,,,,
2023/01/16,#N/A,#N/A,#N/A,1095,1044,,,,
2023/01/17,#N/A,#N/A,#N/A,1137,1082,,,,
2023/01/18,#N/A,#N/A,#N/A,1167,1263,,,,
2023/01/19,#N/A,#N/A,#N/A,1148,1272,,,,
2023/01/20,147,909.86,754.74,1095,1243,,,,
2023/01/21,#N/A,#N/A,#N/A,1095,1243,,,,
2023/01/22,#N/A,#N/A,#N/A,1095,1243,,,,
2023/01/23,#N/A,#N/A,#N/A,1068,1215,,,,
2023/01/24,#N/A,#N/A,#N/A,1170,1318,,,,
2023/01/25,#N/A,#N/A,#N/A,1170,1318,,,,
2023/01/26,#N/A,#N/A,#N/A,1103,1251,,,,
2023/01/27,#N/A,868.83,816.28,1143,1291,,,,
2023/01/28,#N/A,#N/A,#N/A,1143,1291,,,,
2023/01/29,#N/A,#N/A,#N/A,1143,1291,,,,
2023/01/30,#N/A,#N/A,#N/A,1364,1595,,,,
2023/01/31,#N/A,#N/A,#N/A,1406,1602,,,,
2023/02/01,#N/A,#N/A,#N/A,1496,1683,,,,
2023/02/02,#N/A,#N/A,#N/A,1558,1728,,,,
2023/02/03,1107,692.18,1042.64,1646,1783,,,,
2023/02/04,#N/A,#N/A,#N/A,1646,1783,,,,
2023/02/05,#N/A,#N/A,#N/A,1646,1783,,,,
2023/02/06,#N/A,#N/A,#N/A,1652,1667,,,,
2023/02/07,#N/A,#N/A,#N/A,1484,1469,,,,
2023/02/08,#N/A,#N/A,#N/A,1428,1429,,,,
2023/02/09,#N/A,#N/A,#N/A,1446,1455,,,,
2023/02/10,1017,981.57,1230.24,1337,1353,,,,
2023/02/11,#N/A,#N/A,#N/A,1337,1353,,,,
2023/02/12,#N/A,#N/A,#N/A,1337,1353,,,,
2023/02/13,#N/A,#N/A,#N/A,1279,1288,,,,
2023/02/14,#N/A,#N/A,#N/A,1282,1299,,,,
2023/02/15,#N/A,#N/A,#N/A,1243,1275,,,,
2023/02/16,#N/A,#N/A,#N/A,1204,1228,,,,
2023/02/17,811,780.12,927.15,1304,1327,,,,
2023/02/18,#N/A,#N/A,#N/A,1304,1328,,,,
2023/02/19,#N/A,#N/A,#N/A,1304,1328,,,,
2023/02/20,#N/A,#N/A,#N/A,1244,1246,,,,
2023/02/21,#N/A,#N/A,#N/A,1347,1337,,,,
2023/02/22,#N/A,#N/A,#N/A,1466,1461,,,,
2023/02/23,#N/A,#N/A,#N/A,1349,1348,,,,
2023/02/24,811,688.98,1050.09,1298,1302,,,,
2023/02/25,#N/A,#N/A,#N/A,1298,1302,,,,
2023/02/26,#N/A,#N/A,#N/A,1298,1302,,,,
2023/02/27,#N/A,#N/A,#N/A,1290,1292,,,,
2023/02/28,#N/A,#N/A,#N/A,1212,1211,,,,
2023/03/01,#N/A,#N/A,#N/A,1200,1200,,,,
2023/03/02,#N/A,#N/A,#N/A,1214,1219,,,,
2023/03/03,439,776.39,1041.17,1149,1155,,,,
2023/03/04,#N/A,#N/A,#N/A,1149,1155,,,,
2023/03/05,#N/A,#N/A,#N/A,1149,1155,,,,
2023/03/06,#N/A,#N/A,#N/A,1136,1148,,,,
2023/03/07,#N/A,#N/A,#N/A,1272,1285,,,,
2023/03/08,#N/A,#N/A,#N/A,1287,1299,,,,
2023/03/09,#N/A,#N/A,#N/A,1333,1345,,,,
2023/03/10,1077,931.81,965.57,1273,1285,,,,
2023/03/11,#N/A,#N/A,#N/A,1273,1285,,,,
2023/03/12,#N/A,#N/A,#N/A,1273,1285,,,,
2023/03/13,#N/A,#N/A,#N/A,1277,1293,,,,
2023/03/14,#N/A,#N/A,#N/A,1405,1416,,,,
2023/03/15,#N/A,#N/A,#N/A,1564,1570,,,,
2023/03/16,#N/A,#N/A,#N/A,1696,1711,,,,
2023/03/17,1437,709.58,1206.65,1628,1648,,,,
2023/03/18,#N/A,#N/A,#N/A,1716,1735,,,,
2023/03/19,#N/A,#N/A,#N/A,1716,1735,,,,
2023/03/20,#N/A,#N/A,#N/A,1666,1708,,,,
2023/03/21,#N/A,#N/A,#N/A,1599,1632,,,,
2023/03/22,#N/A,#N/A,#N/A,1509,1538,,,,
2023/03/23,#N/A,#N/A,#N/A,1438,1460,,,,
2023/03/24,1001,640.34,1322.9,1479,1506,,,,
2023/03/25,#N/A,#N/A,#N/A,1525,1552,,,,
2023/03/26,#N/A,#N/A,#N/A,1525,1552,,,,
2023/03/27,#N/A,#N/A,#N/A,1428,1464,,,,
2023/03/28,#N/A,#N/A,#N/A,1270,1311,,,,
2023/03/29,#N/A,#N/A,#N/A,1269,1306,,,,
2023/03/30,#N/A,#N/A,#N/A,1269,1309,,,,
2023/03/31,725,484.97,1021.01,1215,1262,,,,
2023/04/01,#N/A,#N/A,#N/A,1189,1237,,,,
2023/04/02,#N/A,#N/A,#N/A,1189,1237,,,,
2023/04/03,#N/A,#N/A,#N/A,1292,1338,,,,
2023/04/04,#N/A,#N/A,#N/A,1062,1125,,,,
2023/04/05,#N/A,#N/A,#N/A,1061,1124,,,,
2023/04/06,#N/A,#N/A,#N/A,1041,1114,,,,
2023/04/07,485,574.76,798.85,1017,1085,,,,
2023/04/08,#N/A,#N/A,#N/A,1017,1085,,,,
2023/04/09,#N/A,#N/A,#N/A,1017,1085,,,,
2023/04/10,#N/A,#N/A,#N/A,1045,1130,,,,
2023/04/11,#N/A,#N/A,#N/A,1091,1192,,,,
2023/04/12,#N/A,#N/A,#N/A,1033,1158,,,,
2023/04/13,#N/A,#N/A,#N/A,992,1150,,,,
2023/04/14,472,659.64,824.72,1068,1233,,,,
2023/04/15,#N/A,#N/A,#N/A,1057,1222,,,,
2023/04/16,#N/A,#N/A,#N/A,1057,1222,,,,
2023/04/17,#N/A,#N/A,#N/A,1054,1256,,,,
2023/04/18,#N/A,#N/A,#N/A,1354,1441,,,,
2023/04/19,#N/A,#N/A,#N/A,1345,1430,,,,
2023/04/20,#N/A,#N/A,#N/A,1371,1466,,,,
2023/04/21,624,1195.24,922.76,1444,1544,,,,
2023/04/22,#N/A,#N/A,#N/A,1416,1516,,,,
2023/04/23,#N/A,#N/A,#N/A,1395,1498,,,,
2023/04/24,#N/A,#N/A,#N/A,1350,1465,,,,
2023/04/25,#N/A,#N/A,#N/A,1287,1405,,,,
2023/04/26,#N/A,#N/A,#N/A,1347,1469,,,,
2023/04/27,#N/A,#N/A,#N/A,1466,1617,,,,
2023/04/28,682,1130.21,1012.04,1420,1566,,,,
2023/04/29,#N/A,#N/A,#N/A,1361,1507,,,,
2023/04/30,#N/A,#N/A,#N/A,1373,1519,,,,
2023/05/01,#N/A,#N/A,#N/A,1373,1519,,,,
2023/05/02,#N/A,#N/A,#N/A,1373,1519,,,,
2023/05/03,#N/A,#N/A,#N/A,1575,1721,,,,
2023/05/04,#N/A,#N/A,#N/A,1628,1788,,,,
2023/05/05,891,752.5,1145.91,1567,1736,,,,
2023/05/06,#N/A,#N/A,#N/A,1433,1598,,,,
2023/05/07,#N/A,#N/A,#N/A,1433,1598,,,,
2023/05/08,#N/A,#N/A,#N/A,1417,1584,,,,
2023/05/09,#N/A,#N/A,#N/A,1315,1483,,,,
2023/05/10,#N/A,#N/A,#N/A,1284,1456,,,,
2023/05/11,#N/A,#N/A,#N/A,1333,1509,,,,
2023/05/12,584,430.08,1207.44,1374,1550,,,,
2023/05/13,#N/A,#N/A,#N/A,1374,1550,,,,
2023/05/14,#N/A,#N/A,#N/A,1365,1540,,,,
2023/05/15,#N/A,#N/A,#N/A,1330,1516,,,,
2023/05/16,#N/A,#N/A,#N/A,1275,1473,,,,
2023/05/17,#N/A,#N/A,#N/A,1230,1441,,,,
2023/05/18,#N/A,#N/A,#N/A,1123,1337,,,,
2023/05/19,598,268.81,1152.03,1148,1367,,,,
2023/05/20,#N/A,#N/A,#N/A,1163,1381,,,,
2023/05/21,#N/A,#N/A,#N/A,1163,1381,,,,
2023/05/22,#N/A,#N/A,#N/A,1160,1385,,,,
2023/05/23,#N/A,#N/A,#N/A,1118,1358,,,,
2023/05/24,#N/A,#N/A,#N/A,1091,1341,,,,
2023/05/25,#N/A,#N/A,#N/A,1033,1296,,,,
2023/05/26,408,392.64,1039.5,1118,1381,,,,
2023/05/27,#N/A,#N/A,#N/A,1083,1346,,,,
2023/05/28,#N/A,#N/A,#N/A,1083,1346,,,,
2023/05/29,#N/A,#N/A,#N/A,1080,1346,,,,
2023/05/30,#N/A,#N/A,#N/A,1064,1334,,,,
2023/05/31,#N/A,#N/A,#N/A,1241,1522,,,,
2023/06/01,#N/A,#N/A,#N/A,1243,1541,,,,
2023/06/02,775,516.22,1074.15,1159,1457,,,,
2023/06/03,#N/A,#N/A,#N/A,1063,1361,,,,
2023/06/04,#N/A,#N/A,#N/A,1063,1361,,,,
2023/06/05,#N/A,#N/A,#N/A,1094,1402,,,,
2023/06/06,#N/A,#N/A,#N/A,1059,1385,,,,
2023/06/07,#N/A,#N/A,#N/A,1064,1400,,,,
2023/06/08,#N/A,#N/A,#N/A,1010,1360,,,,
2023/06/09,611,827.48,1021.81,1049,1404,,,,
2023/06/10,#N/A,#N/A,#N/A,1110,1465,,,,
2023/06/11,#N/A,#N/A,#N/A,1110,1465,,,,
2023/06/12,#N/A,#N/A,#N/A,1070,1439,,,,
2023/06/13,#N/A,#N/A,#N/A,1155,1547,,,,
2023/06/14,#N/A,#N/A,#N/A,1009,1407,,,,
2023/06/15,#N/A,#N/A,#N/A,1047,1459,,,,
2023/06/16,634,754.56,999.76,931,1344,,,,
2023/06/17,#N/A,#N/A,#N/A,880,1292,,,,
2023/06/18,#N/A,#N/A,#N/A,880,1292,,,,
2023/06/19,#N/A,#N/A,#N/A,885,1297,,,,
2023/06/20,#N/A,#N/A,#N/A,873,1296,,,,
2023/06/21,#N/A,#N/A,#N/A,848,1284,,,,
2023/06/22,#N/A,#N/A,#N/A,784,1220,,,,
2023/06/23,824,722.56,917.95,941,1377,,,,
2023/06/24,#N/A,#N/A,#N/A,956,1392,,,,
2023/06/25,#N/A,#N/A,#N/A,917,1387,,,,
2023/06/26,#N/A,#N/A,#N/A,896,1368,,,,
2023/06/27,#N/A,#N/A,#N/A,863,1346,,,,
2023/06/28,#N/A,#N/A,#N/A,946,1433,,,,
2023/06/29,#N/A,#N/A,#N/A,839,1335,,,,
2023/06/30,519,584.35,920.48,821,1322,,,,
2023/07/01,#N/A,#N/A,#N/A,791,1292,,,,
2023/07/02,#N/A,#N/A,#N/A,791,1292,,,,
2023/07/03,#N/A,#N/A,#N/A,815,1388,,,,
2023/07/04,#N/A,#N/A,#N/A,830,1418,,,,
2023/07/05,#N/A,#N/A,#N/A,761,1360,,,,
2023/07/06,#N/A,#N/A,#N/A,733,1331,,,,
2023/07/07,450,787.32,903.26,742,1341,,,,
2023/07/08,#N/A,#N/A,#N/A,639,1238,,,,
2023/07/09,#N/A,#N/A,#N/A,639,1238,,,,
2023/07/10,#N/A,#N/A,#N/A,696,1244,,,,
2023/07/11,#N/A,#N/A,#N/A,777,1276,,,,
2023/07/12,#N/A,#N/A,#N/A,751,1206,,,,
2023/07/13,#N/A,#N/A,#N/A,795,1210,,,,
2023/07/14,300,726.09,765.85,780,1178,,,,
2023/07/15,#N/A,#N/A,#N/A,1091,1488,,,,
2023/07/16,#N/A,#N/A,#N/A,1091,1488,,,,
2023/07/17,#N/A,#N/A,#N/A,855,1234,,,,
2023/07/18,#N/A,#N/A,#N/A,904,1285,,,,
2023/07/19,#N/A,#N/A,#N/A,888,1222,,,,
2023/07/20,#N/A,#N/A,#N/A,970,1252,,,,
2023/07/21,465,756.53,867.75,996,1248,,,,
2023/07/22,#N/A,#N/A,#N/A,921,1174,,,,
2023/07/23,#N/A,#N/A,#N/A,921,1174,,,,
2023/07/24,#N/A,#N/A,#N/A,974,1190,,,,
2023/07/25,#N/A,#N/A,#N/A,974,1159,,,,
2023/07/26,#N/A,#N/A,#N/A,1024,1171,,,,
2023/07/27,#N/A,#N/A,#N/A,1100,1241,,,,
2023/07/28,552,901.15,979.09,1041,1174,,,,
2023/07/29,#N/A,#N/A,#N/A,1002,1135,,,,
2023/07/30,#N/A,#N/A,#N/A,1002,1135,,,,
2023/07/31,#N/A,#N/A,#N/A,995,1138,,,,
2023/08/01,#N/A,#N/A,#N/A,965,1106,,,,
2023/08/02,#N/A,#N/A,#N/A,1024,1154,,,,
2023/08/03,#N/A,#N/A,#N/A,1137,1264,,,,
2023/08/04,428,997.41,912.11,1086,1199,,,,
2023/08/05,#N/A,#N/A,#N/A,1028,1142,,,,
2023/08/06,#N/A,#N/A,#N/A,1028,1142,,,,
2023/08/07,#N/A,#N/A,#N/A,1099,1199,,,,
2023/08/08,#N/A,#N/A,#N/A,1142,1247,,,,
2023/08/09,#N/A,#N/A,#N/A,1117,1211,,,,
2023/08/10,#N/A,#N/A,#N/A,1101,1182,,,,
2023/08/11,218,1028.11,937.23,1157,1241,,,,
2023/08/12,#N/A,#N/A,#N/A,1135,1219,,,,
2023/08/13,#N/A,#N/A,#N/A,1135,1219,,,,
2023/08/14,#N/A,#N/A,#N/A,1098,1202,,,,
2023/08/15,#N/A,#N/A,#N/A,1107,1222,,,,
2023/08/16,#N/A,#N/A,#N/A,1134,1256,,,,
2023/08/17,#N/A,#N/A,#N/A,1185,1315,,,,
2023/08/18,351,989.88,959.51,1148,1279,,,,
2023/08/19,#N/A,#N/A,#N/A,1112,1244,,,,
2023/08/20,#N/A,#N/A,#N/A,1112,1244,,,,
2023/08/21,#N/A,#N/A,#N/A,1108,1237,,,,
2023/08/22,#N/A,#N/A,#N/A,1112,1244,,,,
2023/08/23,#N/A,#N/A,#N/A,1131,1266,,,,
2023/08/24,#N/A,#N/A,#N/A,1169,1311,,,,
2023/08/25,274,885.13,990.07,1144,1293,,,,
2023/08/26,#N/A,#N/A,#N/A,1085,1234,,,,
2023/08/27,#N/A,#N/A,#N/A,1085,1234,,,,
2023/08/28,#N/A,#N/A,#N/A,1086,1235,,,,
2023/08/29,#N/A,#N/A,#N/A,1087,1234,,,,
2023/08/30,#N/A,#N/A,#N/A,1046,1191,,,,
2023/08/31,#N/A,#N/A,#N/A,1043,1186,,,,
2023/09/01,134,728.38,889.4,1029,1163,,,,
2023/09/02,#N/A,#N/A,#N/A,940,1074,,,,
2023/09/03,#N/A,#N/A,#N/A,940,1074,,,,
2023/09/04,#N/A,#N/A,#N/A,1015,1146,,,,
2023/09/05,#N/A,#N/A,#N/A,999,1127,,,,
2023/09/06,#N/A,#N/A,#N/A,954,1082,,,,
2023/09/07,#N/A,#N/A,#N/A,944,1070,,,,
2023/09/08,18,726.85,753.14,957,1084,,,,
2023/09/09,#N/A,#N/A,#N/A,918,1045,,,,
2023/09/10,#N/A,#N/A,#N/A,918,1045,,,,
2023/09/11,#N/A,#N/A,#N/A,895,1020,,,,
2023/09/12,#N/A,#N/A,#N/A,899,1035,,,,
2023/09/13,#N/A,#N/A,#N/A,842,979,,,,
2023/09/14,#N/A,#N/A,#N/A,864,1001,,,,
2023/09/15,24,611.88,602.9,817,944,,,,
2023/09/16,#N/A,#N/A,#N/A,805,932,,,,
2023/09/17,#N/A,#N/A,#N/A,805,932,,,,
2023/09/18,#N/A,#N/A,#N/A,834,958,,,,
2023/09/19,#N/A,#N/A,#N/A,843,965,,,,
2023/09/20,#N/A,#N/A,#N/A,873,990,,,,
2023/09/21,#N/A,#N/A,#N/A,947,1049,,,,
2023/09/22,206,708.97,564.61,930,1035,,,,
2023/09/23,#N/A,#N/A,#N/A,931,1036,,,,
2023/09/24,#N/A,#N/A,#N/A,931,1036,,,,
2023/09/25,#N/A,#N/A,#N/A,898,1016,,,,
2023/09/26,#N/A,#N/A,#N/A,870,985,,,,
2023/09/27,#N/A,#N/A,#N/A,821,938,,,,
2023/09/28,#N/A,#N/A,#N/A,724,824,,,,
2023/09/29,21,712.58,468.43,785,886,,,,
2023/09/30,#N/A,#N/A,#N/A,789,889,,,,
2023/10/01,#N/A,#N/A,#N/A,789,889,,,,
2023/10/02,#N/A,#N/A,#N/A,789,889,,,,
2023/10/03,#N/A,#N/A,#N/A,1031,1132,,,,
2023/10/04,#N/A,#N/A,#N/A,1020,1120,,,,
2023/10/05,#N/A,#N/A,#N/A,1289,1389,,,,
2023/10/06,330,560.6,560,1380,1481,,,,
2023/10/07,#N/A,#N/A,#N/A,1201,1311,,,,
2023/10/08,#N/A,#N/A,#N/A,1167,1272,,,,
2023/10/09,#N/A,#N/A,#N/A,1182,1283,,,,
2023/10/10,#N/A,#N/A,#N/A,1007,1096,,,,
2023/10/11,#N/A,#N/A,#N/A,1009,1098,,,,
2023/10/12,#N/A,#N/A,#N/A,1073,1160,,,,
2023/10/13,466,276.45,660.37,1029,1120,,,,
2023/10/14,#N/A,#N/A,#N/A,771,862,,,,
2023/10/15,#N/A,#N/A,#N/A,771,862,,,,
2023/10/16,#N/A,#N/A,#N/A,787,861,,,,
2023/10/17,#N/A,#N/A,#N/A,833,895,,,,
2023/10/18,#N/A,#N/A,#N/A,786,868,,,,
2023/10/19,#N/A,#N/A,#N/A,710,781,,,,
2023/10/20,66,70.79,449.77,659,709,,,,
2023/10/21,#N/A,#N/A,#N/A,671,721,,,,
2023/10/22,#N/A,#N/A,#N/A,671,721,,,,
2023/10/23,#N/A,#N/A,#N/A,625,684,,,,
2023/10/24,#N/A,#N/A,#N/A,718,753,,,,
2023/10/25,#N/A,#N/A,#N/A,741,767,,,,
2023/10/26,#N/A,#N/A,#N/A,613,624,,,,
2023/10/27,18,-12.85,290.09,714,715,,,,
2023/10/28,#N/A,#N/A,#N/A,580,580,,,,
2023/10/29,#N/A,#N/A,#N/A,580,580,,,,
2023/10/30,#N/A,#N/A,#N/A,554,555,,,,
2023/10/31,#N/A,#N/A,#N/A,700,689,,,,
2023/11/01,#N/A,#N/A,#N/A,684,666,,,,
2023/11/02,#N/A,#N/A,#N/A,824,805,,,,
2023/11/03,228,-162.87,350.35,754,702,,,,
2023/11/04,#N/A,#N/A,#N/A,857,806,,,,
2023/11/05,#N/A,#N/A,#N/A,857,806,,,,
2023/11/06,#N/A,#N/A,#N/A,867,805,,,,
2023/11/07,#N/A,#N/A,#N/A,847,784,,,,
2023/11/08,#N/A,#N/A,#N/A,1003,940,,,,
2023/11/09,#N/A,#N/A,#N/A,1072,1011,,,,
2023/11/10,517,221.34,380,1032,963,,,,
2023/11/11,#N/A,#N/A,#N/A,958,889,,,,
2023/11/12,#N/A,#N/A,#N/A,958,889,,,,
2023/11/13,#N/A,#N/A,#N/A,944,873,,,,
2023/11/14,#N/A,#N/A,#N/A,892,824,,,,
2023/11/15,#N/A,#N/A,#N/A,894,835,,,,
2023/11/16,#N/A,#N/A,#N/A,953,893,,,,
2023/11/17,417,114.03,419.34,1118,1065,,,,
2023/11/18,#N/A,#N/A,#N/A,951,898,,,,
2023/11/19,#N/A,#N/A,#N/A,951,898,,,,
2023/11/20,#N/A,#N/A,#N/A,957,917,,,,
2023/11/21,#N/A,#N/A,#N/A,895,856,,,,
2023/11/22,#N/A,#N/A,#N/A,902,865,,,,
2023/11/23,#N/A,#N/A,#N/A,933,894,,,,
2023/11/24,362,-94.94,468.71,955,922,,,,
2023/11/25,#N/A,#N/A,#N/A,997,964,,,,
2023/11/26,#N/A,#N/A,#N/A,997,964,,,,
2023/11/27,#N/A,#N/A,#N/A,996,963,,,,
2023/11/28,#N/A,#N/A,#N/A,1038,1001,,,,
2023/11/29,#N/A,#N/A,#N/A,984,944,,,,
2023/11/30,#N/A,#N/A,#N/A,947,911,,,,
2023/12/01,337,6.55,438.95,962,930,,,,
2023/12/02,#N/A,#N/A,#N/A,1173,1141,,,,
2023/12/03,#N/A,#N/A,#N/A,1173,1141,,,,
2023/12/04,#N/A,#N/A,#N/A,1155,1135,,,,
2023/12/05,#N/A,#N/A,#N/A,1166,1155,,,,
2023/12/06,#N/A,#N/A,#N/A,1196,1192,,,,
2023/12/07,#N/A,#N/A,#N/A,1323,1323,,,,
2023/12/08,728,185.06,631.62,1326,1326,,,,
2023/12/09,#N/A,#N/A,#N/A,1233,1233,,,,
2023/12/10,#N/A,#N/A,#N/A,1233,1233,,,,
2023/12/11,#N/A,#N/A,#N/A,1236,1237,,,,
2023/12/12,#N/A,#N/A,#N/A,1225,1230,,,,
2023/12/13,#N/A,#N/A,#N/A,1350,1370,,,,
2023/12/14,#N/A,#N/A,#N/A,1293,1316,,,,
2023/12/15,612,432.1,716.5,1193,1206,,,,
2023/12/16,#N/A,#N/A,#N/A,1196,1209,,,,
2023/12/17,#N/A,#N/A,#N/A,1196,1209,,,,
2023/12/18,#N/A,#N/A,#N/A,1192,1208,,,,
2023/12/19,#N/A,#N/A,#N/A,1111,1135,,,,
2023/12/20,#N/A,#N/A,#N/A,1013,1062,,,,
2023/12/21,#N/A,#N/A,#N/A,986,1052,,,,
2023/12/22,334,448.25,433.22,995,1072,,,,
2023/12/23,#N/A,#N/A,#N/A,1012,1088,,,,
2023/12/24,#N/A,#N/A,#N/A,1012,1088,,,,
2023/12/25,#N/A,#N/A,#N/A,989,1088,,,,
2023/12/26,#N/A,#N/A,#N/A,996,1129,,,,
2023/12/27,#N/A,#N/A,#N/A,931,1081,,,,
2023/12/28,#N/A,#N/A,#N/A,1017,1177,,,,
2023/12/29,324,437.34,399.16,1080,1237,,,,
2023/12/30,#N/A,#N/A,#N/A,1150,1307,,,,
2023/12/31,#N/A,#N/A,#N/A,1150,1307,,,,
2024/01/01,#N/A,#N/A,#N/A,1150,1307,,,,
2024/01/02,#N/A,#N/A,#N/A,1109,1295,,,,
2024/01/03,#N/A,#N/A,#N/A,1143,1355,,,,
2024/01/04,#N/A,#N/A,#N/A,1064,1282,,,,
2024/01/05,319,508.8,503.23,1080,1318,,,,
2024/01/06,#N/A,#N/A,#N/A,1019,1257,,,,
2024/01/07,#N/A,#N/A,#N/A,1019,1257,,,,
2024/01/08,#N/A,#N/A,#N/A,1006,1266,,,,
2024/01/09,#N/A,#N/A,#N/A,1105,1378,,,,
2024/01/10,#N/A,#N/A,#N/A,1014,1296,,,,
2024/01/11,#N/A,#N/A,#N/A,1052,1329,,,,
2024/01/12,358,755.75,451.88,1023,1313,,,,
2024/01/13,#N/A,#N/A,#N/A,977,1267,,,,
2024/01/14,#N/A,#N/A,#N/A,977,1267,,,,
2024/01/15,#N/A,#N/A,#N/A,973,1269,,,,
2024/01/16,#N/A,#N/A,#N/A,965,1263,,,,
2024/01/17,#N/A,#N/A,#N/A,942,1249,,,,
2024/01/18,#N/A,#N/A,#N/A,951,1268,,,,
2024/01/19,322,820.06,405.61,890,1204,,,,
2024/01/20,#N/A,#N/A,#N/A,918,1232,,,,
2024/01/21,#N/A,#N/A,#N/A,918,1232,,,,
2024/01/22,#N/A,#N/A,#N/A,913,1230,,,,
2024/01/23,#N/A,#N/A,#N/A,839,1154,,,,
2024/01/24,#N/A,#N/A,#N/A,866,1186,,,,
2024/01/25,#N/A,#N/A,#N/A,832,1156,,,,
2024/01/26,313,590.18,387.33,755,1088,,,,
2024/01/27,#N/A,#N/A,#N/A,697,1030,,,,
2024/01/28,#N/A,#N/A,#N/A,697,1030,,,,
2024/01/29,#N/A,#N/A,#N/A,739,1061,,,,
2024/01/30,#N/A,#N/A,#N/A,798,1131,,,,
2024/01/31,#N/A,#N/A,#N/A,776,1117,,,,
2024/02/01,#N/A,#N/A,#N/A,842,1197,,,,
2024/02/02,259,699.25,301.64,975,1349,,,,
2024/02/03,#N/A,#N/A,#N/A,1046,1420,,,,
2024/02/04,#N/A,#N/A,#N/A,1023,1410,,,,
2024/02/05,#N/A,#N/A,#N/A,1004,1394,,,,
2024/02/06,#N/A,#N/A,#N/A,965,1366,,,,
2024/02/07,#N/A,#N/A,#N/A,939,1344,,,,
2024/02/08,#N/A,#N/A,#N/A,908,1324,,,,
2024/02/09,368,718.03,441.56,784,1199,,,,
2024/02/10,#N/A,#N/A,#N/A,755,1170,,,,
2024/02/11,#N/A,#N/A,#N/A,755,1170,,,,
2024/02/12,#N/A,#N/A,#N/A,755,1170,,,,
2024/02/13,#N/A,#N/A,#N/A,765,1180,,,,
2024/02/14,#N/A,#N/A,#N/A,725,1140,,,,
2024/02/15,#N/A,#N/A,#N/A,786,1201,,,,
2024/02/16,233,752.27,290.15,720,1135,,,,
2024/02/17,#N/A,#N/A,#N/A,688,1103,,,,
2024/02/18,#N/A,#N/A,#N/A,707,1157,,,,
2024/02/19,#N/A,#N/A,#N/A,698,1152,,,,
2024/02/20,#N/A,#N/A,#N/A,688,1144,,,,
2024/02/21,#N/A,#N/A,#N/A,742,1204,,,,
2024/02/22,#N/A,#N/A,#N/A,703,1163,,,,
2024/02/23,234,733.87,236.83,653,1114,,,,
2024/02/24,#N/A,#N/A,#N/A,760,1221,,,,
2024/02/25,#N/A,#N/A,#N/A,760,1221,,,,
2024/02/26,#N/A,#N/A,#N/A,754,1199,,,,
2024/02/27,#N/A,#N/A,#N/A,704,1133,,,,
2024/02/28,#N/A,#N/A,#N/A,677,1077,,,,
2024/02/29,#N/A,#N/A,#N/A,686,1076,,,,
2024/03/01,143,547.66,205.05,686,1067,,,,
2024/03/02,#N/A,#N/A,#N/A,690,1071,,,,
2024/03/03,#N/A,#N/A,#N/A,690,1071,,,,
2024/03/04,#N/A,#N/A,#N/A,732,1081,,,,
2024/03/05,#N/A,#N/A,#N/A,786,1124,,,,
2024/03/06,#N/A,#N/A,#N/A,818,1154,,,,
2024/03/07,#N/A,#N/A,#N/A,767,1104,,,,
2024/03/08,219,647.83,271.69,762,1098,,,,
2024/03/09,#N/A,#N/A,#N/A,808,1143,,,,
2024/03/10,#N/A,#N/A,#N/A,808,1143,,,,
2024/03/11,#N/A,#N/A,#N/A,803,1126,,,,
2024/03/12,#N/A,#N/A,#N/A,798,1116,,,,
2024/03/13,#N/A,#N/A,#N/A,822,1139,,,,
2024/03/14,#N/A,#N/A,#N/A,738,1041,,,,
2024/03/15,320,650.58,320.74,732,1008,,,,
2024/03/16,#N/A,#N/A,#N/A,736,1012,,,,
2024/03/17,#N/A,#N/A,#N/A,736,1012,,,,
2024/03/18,#N/A,#N/A,#N/A,737,1007,,,,
2024/03/19,#N/A,#N/A,#N/A,682,949,,,,
2024/03/20,#N/A,#N/A,#N/A,666,930,,,,
2024/03/21,#N/A,#N/A,#N/A,726,1007,,,,
2024/03/22,213,724.54,197.2,718,1006,,,,
2024/03/23,#N/A,#N/A,#N/A,737,1024,,,,
2024/03/24,#N/A,#N/A,#N/A,737,1024,,,,
2024/03/25,#N/A,#N/A,#N/A,727,1035,,,,
2024/03/26,#N/A,#N/A,#N/A,675,1020,,,,
2024/03/27,#N/A,#N/A,#N/A,701,1055,,,,
2024/03/28,#N/A,#N/A,#N/A,703,1069,,,,
2024/03/29,158,697.59,174.29,641,1041,,,,
2024/03/30,#N/A,#N/A,#N/A,641,1041,,,,
2024/03/31,#N/A,#N/A,#N/A,641,1041,,,,
2024/04/01,#N/A,#N/A,#N/A,656,1057,,,,
2024/04/02,#N/A,#N/A,#N/A,695,1092,,,,
2024/04/03,#N/A,#N/A,#N/A,655,1061,,,,
2024/04/04,#N/A,#N/A,#N/A,633,1039,,,,
2024/04/05,-51,749.14,101.16,566,971,,,,
2024/04/06,#N/A,#N/A,#N/A,538,944,,,,
2024/04/07,#N/A,#N/A,#N/A,560,1021,,,,
2024/04/08,#N/A,#N/A,#N/A,554,1026,,,,
2024/04/09,#N/A,#N/A,#N/A,631,1118,,,,
2024/04/10,#N/A,#N/A,#N/A,566,1062,,,,
2024/04/11,#N/A,#N/A,#N/A,610,1111,,,,
2024/04/12,15,737.3,36.99,589,1086,,,,
2024/04/13,#N/A,#N/A,#N/A,589,1086,,,,
2024/04/14,#N/A,#N/A,#N/A,589,1086,,,,
2024/04/15,#N/A,#N/A,#N/A,643,1212,,,,
2024/04/16,#N/A,#N/A,#N/A,644,1227,,,,
2024/04/17,#N/A,#N/A,#N/A,787,1378,,,,
2024/04/18,#N/A,#N/A,#N/A,773,1359,,,,
2024/04/19,225,770.68,262.66,755,1345,,,,
2024/04/20,#N/A,#N/A,#N/A,745,1335,,,,
2024/04/21,#N/A,#N/A,#N/A,745,1335,,,,
2024/04/22,#N/A,#N/A,#N/A,737,1316,,,,
2024/04/23,#N/A,#N/A,#N/A,718,1298,,,,
2024/04/24,#N/A,#N/A,#N/A,638,1214,,,,
2024/04/25,#N/A,#N/A,#N/A,639,1220,,,,
2024/04/26,72,608.97,382.01,570,1144,,,,
2024/04/27,#N/A,#N/A,#N/A,544,1118,,,,
2024/04/28,#N/A,#N/A,#N/A,534,1107,,,,
2024/04/29,#N/A,#N/A,#N/A,508,1071,,,,
2024/04/30,#N/A,#N/A,#N/A,538,1107,,,,
2024/05/01,#N/A,#N/A,#N/A,566,1135,,,,
2024/05/02,#N/A,#N/A,#N/A,796,1365,,,,
2024/05/03,251,209.18,227.16,784,1353,,,,
2024/05/04,#N/A,#N/A,#N/A,821,1390,,,,
2024/05/05,#N/A,#N/A,#N/A,821,1390,,,,
2024/05/06,#N/A,#N/A,#N/A,760,1298,,,,
2024/05/07,#N/A,#N/A,#N/A,727,1248,,,,
2024/05/08,#N/A,#N/A,#N/A,733,1244,,,,
2024/05/09,#N/A,#N/A,#N/A,705,1216,,,,
2024/05/10,217,200.23,325.61,684,1194,,,,
2024/05/11,#N/A,#N/A,#N/A,716,1218,,,,
2024/05/12,#N/A,#N/A,#N/A,716,1218,,,,
2024/05/13,#N/A,#N/A,#N/A,701,1204,,,,
2024/05/14,#N/A,#N/A,#N/A,666,1154,,,,
2024/05/15,#N/A,#N/A,#N/A,706,1186,,,,
2024/05/16,#N/A,#N/A,#N/A,668,1146,,,,
2024/05/17,122,289.57,275.42,650,1114,,,,
2024/05/18,#N/A,#N/A,#N/A,613,1077,,,,
2024/05/19,#N/A,#N/A,#N/A,613,1077,,,,
2024/05/20,#N/A,#N/A,#N/A,628,1078,,,,
2024/05/21,#N/A,#N/A,#N/A,664,1097,,,,
2024/05/22,#N/A,#N/A,#N/A,709,1136,,,,
2024/05/23,#N/A,#N/A,#N/A,749,1181,,,,
2024/05/24,124,174,264.4,770,1204,,,,
2024/05/25,#N/A,#N/A,#N/A,731,1164,,,,
2024/05/26,#N/A,#N/A,#N/A,731,1164,,,,
2024/05/27,#N/A,#N/A,#N/A,743,1158,,,,
2024/05/28,#N/A,#N/A,#N/A,713,1122,,,,
2024/05/29,#N/A,#N/A,#N/A,721,1096,,,,
2024/05/30,#N/A,#N/A,#N/A,764,1141,,,,
2024/05/31,111,96.28,321.58,851,1230,,,,
2024/06/01,#N/A,#N/A,#N/A,863,1243,,,,
2024/06/02,#N/A,#N/A,#N/A,863,1243,,,,
2024/06/03,#N/A,#N/A,#N/A,846,1215,,,,
2024/06/04,#N/A,#N/A,#N/A,1007,1374,,,,
2024/06/05,#N/A,#N/A,#N/A,1035,1403,,,,
2024/06/06,#N/A,#N/A,#N/A,979,1344,,,,
2024/06/07,271,338.61,408.3,925,1283,,,,
2024/06/08,#N/A,#N/A,#N/A,938,1296,,,,
2024/06/09,#N/A,#N/A,#N/A,938,1296,,,,
2024/06/10,#N/A,#N/A,#N/A,938,1296,,,,
2024/06/11,#N/A,#N/A,#N/A,864,1204,,,,
2024/06/12,#N/A,#N/A,#N/A,844,1190,,,,
2024/06/13,#N/A,#N/A,#N/A,806,1154,,,,
2024/06/14,101,468.81,333.07,770,1129,,,,
2024/06/15,#N/A,#N/A,#N/A,777,1135,,,,
2024/06/16,#N/A,#N/A,#N/A,777,1135,,,,
2024/06/17,#N/A,#N/A,#N/A,756,1118,,,,
2024/06/18,#N/A,#N/A,#N/A,688,1041,,,,
2024/06/19,#N/A,#N/A,#N/A,645,1003,,,,
2024/06/20,#N/A,#N/A,#N/A,660,1015,,,,
2024/06/21,-123,467.52,192.82,621,981,,,,
2024/06/22,#N/A,#N/A,#N/A,645,1005,,,,
2024/06/23,#N/A,#N/A,#N/A,645,1005,,,,
2024/06/24,#N/A,#N/A,#N/A,624,993,,,,
2024/06/25,#N/A,#N/A,#N/A,584,953,,,,
2024/06/26,#N/A,#N/A,#N/A,631,1000,,,,
2024/06/27,#N/A,#N/A,#N/A,623,993,,,,
2024/06/28,-31,485.08,123.37,583,952,,,,
2024/06/29,#N/A,#N/A,#N/A,582,951,,,,
2024/06/30,#N/A,#N/A,#N/A,582,951,,,,
2024/07/01,#N/A,#N/A,#N/A,573,955,,,,
2024/07/02,#N/A,#N/A,#N/A,579,959,,,,
2024/07/03,#N/A,#N/A,#N/A,600,976,,,,
2024/07/04,#N/A,#N/A,#N/A,543,928,,,,
2024/07/05,-159,493.58,83.51,543,925,,,,
2024/07/06,#N/A,#N/A,#N/A,589,971,,,,
2024/07/07,#N/A,#N/A,#N/A,589,971,,,,
2024/07/08,#N/A,#N/A,#N/A,574,960,,,,
2024/07/09,#N/A,#N/A,#N/A,599,993,,,,
2024/07/10,#N/A,#N/A,#N/A,640,1035,,,,
2024/07/11,#N/A,#N/A,#N/A,610,1010,,,,
2024/07/12,-30,602.47,100.46,609,1006,,,,
2024/07/13,#N/A,#N/A,#N/A,628,1026,,,,
2024/07/14,#N/A,#N/A,#N/A,628,1026,,,,
2024/07/15,#N/A,#N/A,#N/A,623,1017,,,,
2024/07/16,#N/A,#N/A,#N/A,623,1024,,,,
2024/07/17,#N/A,#N/A,#N/A,667,1074,,,,
2024/07/18,#N/A,#N/A,#N/A,598,1009,,,,
2024/07/19,18,582.87,174.71,603,1011,,,,
2024/07/20,#N/A,#N/A,#N/A,732,1141,,,,
2024/07/21,#N/A,#N/A,#N/A,732,1141,,,,
2024/07/22,#N/A,#N/A,#N/A,710,1125,,,,
2024/07/23,#N/A,#N/A,#N/A,715,1134,,,,
2024/07/24,#N/A,#N/A,#N/A,767,1200,,,,
2024/07/25,#N/A,#N/A,#N/A,723,1152,,,,
2024/07/26,264,351.39,316.06,680,1114,,,,
2024/07/27,#N/A,#N/A,#N/A,745,1179,,,,
2024/07/28,#N/A,#N/A,#N/A,745,1179,,,,
2024/07/29,#N/A,#N/A,#N/A,730,1166,,,,
2024/07/30,#N/A,#N/A,#N/A,790,1230,,,,
2024/07/31,#N/A,#N/A,#N/A,849,1287,,,,
2024/08/01,#N/A,#N/A,#N/A,762,1199,,,,
2024/08/02,238,307.18,429.98,828,1267,,,,
2024/08/03,#N/A,#N/A,#N/A,970,1409,,,,
2024/08/04,#N/A,#N/A,#N/A,970,1409,,,,
2024/08/05,#N/A,#N/A,#N/A,946,1394,,,,
2024/08/06,#N/A,#N/A,#N/A,963,1410,,,,
2024/08/07,#N/A,#N/A,#N/A,945,1392,,,,
2024/08/08,#N/A,#N/A,#N/A,847,1295,,,,
2024/08/09,302,230.14,576.54,781,1231,,,,
2024/08/10,#N/A,#N/A,#N/A,755,1204,,,,
2024/08/11,#N/A,#N/A,#N/A,755,1204,,,,
2024/08/12,#N/A,#N/A,#N/A,748,1198,,,,
2024/08/13,#N/A,#N/A,#N/A,630,1074,,,,
2024/08/14,#N/A,#N/A,#N/A,712,1151,,,,
2024/08/15,#N/A,#N/A,#N/A,741,1182,,,,
2024/08/16,207,273.03,404.37,669,1107,,,,
2024/08/17,#N/A,#N/A,#N/A,740,1179,,,,
2024/08/18,#N/A,#N/A,#N/A,740,1179,,,,
2024/08/19,#N/A,#N/A,#N/A,723,1162,,,,
2024/08/20,#N/A,#N/A,#N/A,810,1242,,,,
2024/08/21,#N/A,#N/A,#N/A,812,1244,,,,
2024/08/22,#N/A,#N/A,#N/A,859,1282,,,,
2024/08/23,355,281.93,423.42,773,1198,,,,
2024/08/24,#N/A,#N/A,#N/A,679,1104,,,,
2024/08/25,#N/A,#N/A,#N/A,679,1104,,,,
2024/08/26,#N/A,#N/A,#N/A,706,1118,,,,
2024/08/27,#N/A,#N/A,#N/A,608,1005,,,,
2024/08/28,#N/A,#N/A,#N/A,696,1089,,,,
2024/08/29,#N/A,#N/A,#N/A,713,1110,,,,
2024/08/30,240,501.15,365.14,658,1056,,,,
2024/08/31,#N/A,#N/A,#N/A,717,1115,,,,
2024/09/01,#N/A,#N/A,#N/A,717,1115,,,,
2024/09/02,#N/A,#N/A,#N/A,699,1080,,,,
2024/09/03,#N/A,#N/A,#N/A,740,1118,,,,
2024/09/04,#N/A,#N/A,#N/A,909,1258,,,,
2024/09/05,#N/A,#N/A,#N/A,937,1266,,,,
2024/09/06,376,580.2,403.3,923,1249,,,,
2024/09/07,#N/A,#N/A,#N/A,1008,1333,,,,
2024/09/08,#N/A,#N/A,#N/A,1008,1333,,,,
2024/09/09,#N/A,#N/A,#N/A,952,1236,,,,
2024/09/10,#N/A,#N/A,#N/A,890,1163,,,,
2024/09/11,#N/A,#N/A,#N/A,980,1248,,,,
2024/09/12,#N/A,#N/A,#N/A,893,1150,,,,
2024/09/13,387,548.09,579.45,835,1084,,,,
2024/09/14,#N/A,#N/A,#N/A,844,1090,,,,
2024/09/15,#N/A,#N/A,#N/A,844,1090,,,,
2024/09/16,#N/A,#N/A,#N/A,844,1090,,,,
2024/09/17,#N/A,#N/A,#N/A,785,1031,,,,
2024/09/18,#N/A,#N/A,#N/A,734,967,,,,
2024/09/19,#N/A,#N/A,#N/A,698,918,,,,
2024/09/20,188,392.39,429.97,645,852,,,,
2024/09/21,#N/A,#N/A,#N/A,665,873,,,,
2024/09/22,#N/A,#N/A,#N/A,665,873,,,,
2024/09/23,#N/A,#N/A,#N/A,604,804,,,,
2024/09/24,#N/A,#N/A,#N/A,605,804,,,,
2024/09/25,#N/A,#N/A,#N/A,564,741,,,,
2024/09/26,#N/A,#N/A,#N/A,624,792,,,,
2024/09/27,125,396.42,232.02,705,862,,,,
2024/09/28,#N/A,#N/A,#N/A,685,842,,,,
2024/09/29,#N/A,#N/A,#N/A,670,807,,,,
2024/09/30,#N/A,#N/A,#N/A,659,787,,,,
2024/10/01,#N/A,#N/A,#N/A,669,798,,,,
2024/10/02,#N/A,#N/A,#N/A,577,706,,,,
2024/10/03,#N/A,#N/A,#N/A,560,689,,,,
2024/10/04,-80,275.54,311.29,369,497,,,,
2024/10/05,#N/A,#N/A,#N/A,347,475,,,,
2024/10/06,#N/A,#N/A,#N/A,347,475,,,,
2024/10/07,#N/A,#N/A,#N/A,347,475,,,,
2024/10/08,#N/A,#N/A,#N/A,319,411,,,,
2024/10/09,#N/A,#N/A,#N/A,528,602,,,,
2024/10/10,#N/A,#N/A,#N/A,532,598,,,,
2024/10/11,33,554.8,114.83,404,459,,,,
2024/10/12,#N/A,#N/A,#N/A,431,473,,,,
2024/10/13,#N/A,#N/A,#N/A,431,473,,,,
2024/10/14,#N/A,#N/A,#N/A,425,437,,,,
2024/10/15,#N/A,#N/A,#N/A,486,480,,,,
2024/10/16,#N/A,#N/A,#N/A,610,584,,,,
2024/10/17,#N/A,#N/A,#N/A,594,558,,,,
2024/10/18,61,553.05,103.01,577,520,,,,
2024/10/19,#N/A,#N/A,#N/A,650,592,,,,
2024/10/20,#N/A,#N/A,#N/A,650,592,,,,
2024/10/21,#N/A,#N/A,#N/A,650,565,,,,
2024/10/22,#N/A,#N/A,#N/A,583,471,,,,
2024/10/23,#N/A,#N/A,#N/A,519,367,,,,
2024/10/24,#N/A,#N/A,#N/A,590,415,,,,
2024/10/25,-48,408.33,149.58,647,461,,,,
2024/10/26,#N/A,#N/A,#N/A,560,374,,,,
2024/10/27,#N/A,#N/A,#N/A,560,374,,,,
2024/10/28,#N/A,#N/A,#N/A,603,376,,,,
2024/10/29,#N/A,#N/A,#N/A,831,597,,,,
2024/10/30,#N/A,#N/A,#N/A,819,592,,,,
2024/10/31,#N/A,#N/A,#N/A,761,530,,,,
2024/11/01,29,501.98,246.07,762,500,,,,
2024/11/02,#N/A,#N/A,#N/A,765,503,,,,
2024/11/03,#N/A,#N/A,#N/A,765,503,,,,
2024/11/04,#N/A,#N/A,#N/A,780,480,,,,
2024/11/05,#N/A,#N/A,#N/A,733,407,,,,
2024/11/06,#N/A,#N/A,#N/A,740,408,,,,
2024/11/07,#N/A,#N/A,#N/A,726,395,,,,
2024/11/08,-41,477.36,217.45,701,369,,,,
2024/11/09,#N/A,#N/A,#N/A,794,461,,,,
2024/11/10,#N/A,#N/A,#N/A,794,461,,,,
2024/11/11,#N/A,#N/A,#N/A,748,417,,,,
2024/11/12,#N/A,#N/A,#N/A,820,501,,,,
2024/11/13,#N/A,#N/A,#N/A,801,485,,,,
2024/11/14,#N/A,#N/A,#N/A,775,469,,,,
2024/11/15,-36,268.82,180.48,764,482,,,,
2024/11/16,#N/A,#N/A,#N/A,844,563,,,,
2024/11/17,#N/A,#N/A,#N/A,844,563,,,,
2024/11/18,#N/A,#N/A,#N/A,831,578,,,,
2024/11/19,#N/A,#N/A,#N/A,741,495,,,,
2024/11/20,#N/A,#N/A,#N/A,753,524,,,,
2024/11/21,#N/A,#N/A,#N/A,780,575,,,,
2024/11/22,49,637.07,228.43,729,526,,,,
2024/11/23,#N/A,#N/A,#N/A,679,477,,,,
2024/11/24,#N/A,#N/A,#N/A,679,477,,,,
2024/11/25,#N/A,#N/A,#N/A,707,534,,,,
2024/11/26,#N/A,#N/A,#N/A,811,651,,,,
2024/11/27,#N/A,#N/A,#N/A,809,663,,,,
2024/11/28,#N/A,#N/A,#N/A,802,676,,,,
2024/11/29,112,534.65,225.92,777,676,,,,
2024/11/30,#N/A,#N/A,#N/A,795,694,,,,
2024/12/01,#N/A,#N/A,#N/A,795,694,,,,
2024/12/02,#N/A,#N/A,#N/A,802,703,,,,
2024/12/03,#N/A,#N/A,#N/A,865,785,,,,
2024/12/04,#N/A,#N/A,#N/A,806,748,,,,
2024/12/05,#N/A,#N/A,#N/A,890,850,,,,
2024/12/06,288,624.85,345.75,900,877,,,,
2024/12/07,#N/A,#N/A,#N/A,951,928,,,,
2024/12/08,#N/A,#N/A,#N/A,951,928,,,,
2024/12/09,#N/A,#N/A,#N/A,936,932,,,,
2024/12/10,#N/A,#N/A,#N/A,905,932,,,,
2024/12/11,#N/A,#N/A,#N/A,920,981,,,,
2024/12/12,#N/A,#N/A,#N/A,877,951,,,,
2024/12/13,295,679.06,438.92,890,982,,,,
2024/12/14,#N/A,#N/A,#N/A,833,925,,,,
2024/12/15,#N/A,#N/A,#N/A,833,925,,,,
2024/12/16,#N/A,#N/A,#N/A,827,943,,,,
2024/12/17,#N/A,#N/A,#N/A,848,969,,,,
2024/12/18,#N/A,#N/A,#N/A,868,1001,,,,
2024/12/19,#N/A,#N/A,#N/A,855,992,,,,
2024/12/20,214,785.74,336.43,868,1016,,,,
2024/12/21,#N/A,#N/A,#N/A,865,1013,,,,
2024/12/22,#N/A,#N/A,#N/A,865,1013,,,,
2024/12/23,#N/A,#N/A,#N/A,848,1010,,,,
2024/12/24,#N/A,#N/A,#N/A,858,1033,,,,
2024/12/25,#N/A,#N/A,#N/A,810,997,,,,
2024/12/26,#N/A,#N/A,#N/A,816,1010,,,,
2024/12/27,180,656.85,347.17,843,1043,,,,
2024/12/28,#N/A,#N/A,#N/A,795,995,,,,
2024/12/29,#N/A,#N/A,#N/A,795,995,,,,
2024/12/30,#N/A,#N/A,#N/A,807,1014,,,,
2024/12/31,#N/A,#N/A,#N/A,797,1004,,,,
2025/01/01,#N/A,#N/A,#N/A,784,991,,,,
2025/01/02,#N/A,#N/A,#N/A,745,981,,,,
2025/01/03,-40,718.59,260.6,705,964,,,,
2025/01/04,#N/A,#N/A,#N/A,674,934,,,,
2025/01/05,#N/A,#N/A,#N/A,674,934,,,,
2025/01/06,#N/A,#N/A,#N/A,686,1015,,,,
2025/01/07,#N/A,#N/A,#N/A,710,1060,,,,
2025/01/08,#N/A,#N/A,#N/A,683,1060,,,,
2025/01/09,#N/A,#N/A,#N/A,764,1201,,,,
2025/01/10,-36,784.25,215.45,752,1214,,,,
2025/01/11,#N/A,#N/A,#N/A,602,1064,,,,
2025/01/12,#N/A,#N/A,#N/A,602,1064,,,,
2025/01/13,#N/A,#N/A,#N/A,992,1596,,,,
2025/01/14,#N/A,#N/A,#N/A,896,1518,,,,
2025/01/15,#N/A,#N/A,#N/A,885,1521,,,,
2025/01/16,#N/A,#N/A,#N/A,718,1372,,,,
2025/01/17,-211,1136.79,345.36,716,1373,,,,
2025/01/18,#N/A,#N/A,#N/A,742,1399,,,,
2025/01/19,#N/A,#N/A,#N/A,742,1399,,,,
2025/01/20,#N/A,#N/A,#N/A,659,1310,,,,
2025/01/21,#N/A,#N/A,#N/A,660,1309,,,,
2025/01/22,#N/A,#N/A,#N/A,672,1313,,,,
2025/01/23,#N/A,#N/A,#N/A,657,1274,,,,
2025/01/24,-152,893.83,231.4,672,1278,,,,
2025/01/25,#N/A,#N/A,#N/A,661,1267,,,,
2025/01/26,#N/A,#N/A,#N/A,681,1302,,,,
2025/01/27,#N/A,#N/A,#N/A,705,1341,,,,
2025/01/28,#N/A,#N/A,#N/A,780,1415,,,,
2025/01/29,#N/A,#N/A,#N/A,758,1394,,,,
2025/01/30,#N/A,#N/A,#N/A,806,1441,,,,
2025/01/31,#N/A,862.95,421.43,791,1426,,,,
2025/02/01,#N/A,#N/A,#N/A,797,1432,,,,
2025/02/02,#N/A,#N/A,#N/A,797,1432,,,,
2025/02/03,#N/A,#N/A,#N/A,797,1432,,,,
2025/02/04,#N/A,#N/A,#N/A,839,1474,,,,
2025/02/05,#N/A,#N/A,#N/A,820,1474,,,,
2025/02/06,#N/A,#N/A,#N/A,899,1549,,,,
2025/02/07,176,832.15,491.34,900,1550,,,,
2025/02/08,#N/A,#N/A,#N/A,870,1509,,,,
2025/02/09,#N/A,#N/A,#N/A,870,1509,,,,
2025/02/10,#N/A,#N/A,#N/A,860,1494,,,,
2025/02/11,#N/A,#N/A,#N/A,811,1410,,,,
2025/02/12,#N/A,#N/A,#N/A,770,1348,,,,
2025/02/13,#N/A,#N/A,#N/A,853,1405,,,,
2025/02/14,84,764.7,588.78,836,1382,,,,
2025/02/15,#N/A,#N/A,#N/A,851,1397,,,,
2025/02/16,#N/A,#N/A,#N/A,851,1397,,,,
2025/02/17,#N/A,#N/A,#N/A,828,1341,,,,
2025/02/18,#N/A,#N/A,#N/A,797,1282,,,,
2025/02/19,#N/A,#N/A,#N/A,773,1242,,,,
2025/02/20,#N/A,#N/A,#N/A,739,1192,,,,
2025/02/21,111,383.39,501.44,730,1170,,,,
2025/02/22,#N/A,#N/A,#N/A,838,1278,,,,
2025/02/23,#N/A,#N/A,#N/A,838,1278,,,,
2025/02/24,#N/A,#N/A,#N/A,807,1225,,,,
2025/02/25,#N/A,#N/A,#N/A,789,1199,,,,
2025/02/26,#N/A,#N/A,#N/A,870,1271,,,,
2025/02/27,#N/A,#N/A,#N/A,887,1274,,,,
2025/02/28,349,389.13,528.49,820,1204,,,,
2025/03/01,#N/A,#N/A,#N/A,865,1249,,,,
2025/03/02,#N/A,#N/A,#N/A,865,1249,,,,
2025/03/03,#N/A,#N/A,#N/A,865,1227,,,,
2025/03/04,#N/A,#N/A,#N/A,940,1292,,,,
2025/03/05,#N/A,#N/A,#N/A,952,1303,,,,
2025/03/06,#N/A,#N/A,#N/A,1028,1345,,,,
2025/03/07,339,424.85,572.47,1002,1302,,,,
2025/03/08,#N/A,#N/A,#N/A,955,1254,,,,
2025/03/09,#N/A,#N/A,#N/A,955,1254,,,,
2025/03/10,#N/A,#N/A,#N/A,937,1236,,,,
2025/03/11,#N/A,#N/A,#N/A,973,1258,,,,
2025/03/12,#N/A,#N/A,#N/A,954,1231,,,,
2025/03/13,#N/A,#N/A,#N/A,885,1144,,,,
2025/03/14,246,455.3,559.34,929,1185,,,,
2025/03/15,#N/A,#N/A,#N/A,892,1149,,,,
2025/03/16,#N/A,#N/A,#N/A,892,1149,,,,
2025/03/17,#N/A,#N/A,#N/A,875,1121,,,,
2025/03/18,#N/A,#N/A,#N/A,834,1077,,,,
2025/03/19,#N/A,#N/A,#N/A,853,1086,,,,
2025/03/20,#N/A,#N/A,#N/A,809,1045,,,,
2025/03/21,207,360.45,446.22,763,994,,,,
2025/03/22,#N/A,#N/A,#N/A,755,986,,,,
2025/03/23,#N/A,#N/A,#N/A,755,986,,,,
2025/03/24,#N/A,#N/A,#N/A,749,982,,,,
2025/03/25,#N/A,#N/A,#N/A,723,953,,,,
2025/03/26,#N/A,#N/A,#N/A,750,980,,,,
2025/03/27,#N/A,#N/A,#N/A,735,979,,,,
2025/03/28,110,407.77,328.85,757,1013,,,,
2025/03/29,#N/A,#N/A,#N/A,778,1034,,,,
2025/03/30,#N/A,#N/A,#N/A,778,1034,,,,
2025/03/31,#N/A,#N/A,#N/A,777,1049,,,,
2025/04/01,#N/A,#N/A,#N/A,769,1047,,,,
2025/04/02,#N/A,#N/A,#N/A,827,1107,,,,
2025/04/03,#N/A,#N/A,#N/A,799,1075,,,,
2025/04/04,87,617.48,312.71,1053,1328,,,,
2025/04/05,#N/A,#N/A,#N/A,1293,1568,,,,
2025/04/06,#N/A,#N/A,#N/A,1293,1568,,,,
2025/04/07,#N/A,#N/A,#N/A,1197,1456,,,,
2025/04/08,#N/A,#N/A,#N/A,1218,1487,,,,
2025/04/09,#N/A,#N/A,#N/A,1246,1528,,,,
2025/04/10,#N/A,#N/A,#N/A,1089,1379,,,,
2025/04/11,372,766.66,716.89,1169,1452,,,,
2025/04/12,#N/A,#N/A,#N/A,1094,1377,,,,
2025/04/13,#N/A,#N/A,#N/A,1094,1377,,,,
2025/04/14,#N/A,#N/A,#N/A,1068,1343,,,,
2025/04/15,#N/A,#N/A,#N/A,1039,1319,,,,
2025/04/16,#N/A,#N/A,#N/A,1023,1311,,,,
2025/04/17,#N/A,#N/A,#N/A,959,1246,,,,
2025/04/18,251,508.46,557.13,828,1129,,,,
2025/04/19,#N/A,#N/A,#N/A,828,1129,,,,
2025/04/20,#N/A,#N/A,#N/A,828,1129,,,,
2025/04/21,#N/A,#N/A,#N/A,834,1146,,,,
2025/04/22,#N/A,#N/A,#N/A,913,1230,,,,
2025/04/23,#N/A,#N/A,#N/A,845,1161,,,,
2025/04/24,#N/A,#N/A,#N/A,907,1221,,,,
2025/04/25,196,262.1,352.29,885,1200,,,,
2025/04/26,#N/A,#N/A,#N/A,868,1183,,,,
2025/04/27,#N/A,#N/A,#N/A,869,1183,,,,
2025/04/28,#N/A,#N/A,#N/A,866,1183,,,,
2025/04/29,#N/A,#N/A,#N/A,919,1231,,,,
2025/04/30,#N/A,#N/A,#N/A,993,1296,,,,
2025/05/01,#N/A,#N/A,#N/A,1053,1356,,,,
2025/05/02,300,173.42,336.91,1105,1408,,,,
2025/05/03,#N/A,#N/A,#N/A,1149,1453,,,,
2025/05/04,#N/A,#N/A,#N/A,1149,1453,,,,
2025/05/05,#N/A,#N/A,#N/A,1149,1453,,,,
2025/05/06,#N/A,#N/A,#N/A,1136,1423,,,,
2025/05/07,#N/A,#N/A,#N/A,1035,1305,,,,
2025/05/08,#N/A,#N/A,#N/A,1076,1344,,,,
2025/05/09,452,441.58,460.24,989,1233,,,,
2025/05/10,#N/A,#N/A,#N/A,932,1177,,,,
2025/05/11,#N/A,#N/A,#N/A,932,1177,,,,
2025/05/12,#N/A,#N/A,#N/A,795,1045,,,,
2025/05/13,#N/A,#N/A,#N/A,778,1000,,,,
2025/05/14,#N/A,#N/A,#N/A,722,922,,,,
2025/05/15,#N/A,#N/A,#N/A,745,937,,,,
2025/05/16,217,751.06,335.34,800,994,,,,
2025/05/17,#N/A,#N/A,#N/A,754,948,,,,
2025/05/18,#N/A,#N/A,#N/A,754,948,,,,
2025/05/19,#N/A,#N/A,#N/A,882,1031,,,,
2025/05/20,#N/A,#N/A,#N/A,865,1000,,,,
2025/05/21,#N/A,#N/A,#N/A,906,1019,,,,
2025/05/22,#N/A,#N/A,#N/A,957,1065,,,,
2025/05/23,274,579.85,333.69,975,1087,,,,
2025/05/24,#N/A,#N/A,#N/A,957,1069,,,,
2025/05/25,#N/A,#N/A,#N/A,957,1069,,,,
2025/05/26,#N/A,#N/A,#N/A,981,1076,,,,
2025/05/27,#N/A,#N/A,#N/A,1010,1096,,,,
2025/05/28,#N/A,#N/A,#N/A,1053,1134,,,,
2025/05/29,#N/A,#N/A,#N/A,1027,1108,,,,
2025/05/30,281,678.94,402.89,1075,1152,,,,
2025/05/31,#N/A,#N/A,#N/A,1088,1165,,,,
2025/06/01,#N/A,#N/A,#N/A,1088,1165,,,,
2025/06/02,#N/A,#N/A,#N/A,1088,1165,,,,
2025/06/03,#N/A,#N/A,#N/A,1085,1153,,,,
2025/06/04,#N/A,#N/A,#N/A,1063,1131,,,,
2025/06/05,#N/A,#N/A,#N/A,1096,1163,,,,
2025/06/06,302,1042.66,451.25,1064,1132,,,,
2025/06/07,#N/A,#N/A,#N/A,1005,1072,,,,
2025/06/08,#N/A,#N/A,#N/A,1005,1072,,,,
2025/06/09,#N/A,#N/A,#N/A,1001,1071,,,,
2025/06/10,#N/A,#N/A,#N/A,975,1042,,,,
2025/06/11,#N/A,#N/A,#N/A,959,1038,,,,
2025/06/12,#N/A,#N/A,#N/A,881,947,,,,
2025/06/13,110,977.88,365.34,1010,1087,,,,
2025/06/14,#N/A,#N/A,#N/A,754,831,,,,
2025/06/15,#N/A,#N/A,#N/A,754,831,,,,
2025/06/16,#N/A,#N/A,#N/A,809,922,,,,
2025/06/17,#N/A,#N/A,#N/A,858,972,,,,
2025/06/18,#N/A,#N/A,#N/A,755,879,,,,
2025/06/19,#N/A,#N/A,#N/A,750,884,,,,
2025/06/20,-149,1117.41,227.18,651,799,,,,
2025/06/21,#N/A,#N/A,#N/A,748,896,,,,
2025/06/22,#N/A,#N/A,#N/A,748,896,,,,
2025/06/23,#N/A,#N/A,#N/A,924,1061,,,,
2025/06/24,#N/A,#N/A,#N/A,1207,1355,,,,
2025/06/25,#N/A,#N/A,#N/A,1381,1529,,,,
2025/06/26,#N/A,#N/A,#N/A,1312,1441,,,,
2025/06/27,439,1344.45,376.96,1246,1391,,,,
2025/06/28,#N/A,#N/A,#N/A,1244,1389,,,,
2025/06/29,#N/A,#N/A,#N/A,1244,1389,,,,
2025/06/30,#N/A,#N/A,#N/A,1175,1308,,,,
2025/07/01,#N/A,#N/A,#N/A,1159,1289,,,,
2025/07/02,#N/A,#N/A,#N/A,1171,1278,,,,
2025/07/03,#N/A,#N/A,#N/A,1069,1177,,,,
2025/07/04,289,1133.53,435.88,1081,1184,,,,
2025/07/05,#N/A,#N/A,#N/A,1107,1210,,,,
2025/07/06,#N/A,#N/A,#N/A,1107,1210,,,,
2025/07/07,#N/A,#N/A,#N/A,1049,1166,,,,
2025/07/08,#N/A,#N/A,#N/A,958,1085,,,,
2025/07/09,#N/A,#N/A,#N/A,923,1038,,,,
2025/07/10,#N/A,#N/A,#N/A,924,1031,,,,
2025/07/11,141,1020.78,365.34,987,1094,,,,
2025/07/12,#N/A,#N/A,#N/A,987,1094,,,,
2025/07/13,#N/A,#N/A,#N/A,987,1094,,,,
2025/07/14,#N/A,#N/A,#N/A,898,1009,,,,
2025/07/15,#N/A,#N/A,#N/A,946,1063,,,,
2025/07/16,#N/A,#N/A,#N/A,956,1089,,,,
2025/07/17,#N/A,#N/A,#N/A,967,1115,,,,
2025/07/18,178,708.38,330.28,927,1085,,,,
2025/07/19,#N/A,#N/A,#N/A,940,1098,,,,
2025/07/20,#N/A,#N/A,#N/A,940,1098,,,,
2025/07/21,#N/A,#N/A,#N/A,928,1100,,,,
2025/07/22,#N/A,#N/A,#N/A,928,1111,,,,
2025/07/23,#N/A,#N/A,#N/A,965,1135,,,,
2025/07/24,#N/A,#N/A,#N/A,955,1133,,,,
2025/07/25,179,519.83,313.57,928,1100,,,,
2025/07/26,#N/A,#N/A,#N/A,969,1141,,,,
2025/07/27,#N/A,#N/A,#N/A,969,1141,,,,
2025/07/28,#N/A,#N/A,#N/A,957,1131,,,,
2025/07/29,#N/A,#N/A,#N/A,891,1062,,,,
2025/07/30,#N/A,#N/A,#N/A,808,976,,,,
2025/07/31,#N/A,#N/A,#N/A,785,948,,,,
2025/08/01,-80,976.96,225.17,806,968,,,,
2025/08/02,#N/A,#N/A,#N/A,956,1118,,,,
2025/08/03,#N/A,#N/A,#N/A,956,1118,,,,
2025/08/04,#N/A,#N/A,#N/A,915,1084,,,,
2025/08/05,#N/A,#N/A,#N/A,951,1115,,,,
2025/08/06,#N/A,#N/A,#N/A,985,1153,,,,
2025/08/07,#N/A,#N/A,#N/A,1018,1190,,,,
2025/08/08,224,938.85,230.95,1038,1207,,,,
2025/08/09,#N/A,#N/A,#N/A,1030,1198,,,,
2025/08/10,#N/A,#N/A,#N/A,1030,1198,,,,
2025/08/11,#N/A,#N/A,#N/A,#N/A,#N/A,,,,
2025/08/12,#N/A,#N/A,#N/A,#N/A,#N/A,,,,
2025/08/13,#N/A,#N/A,#N/A,#N/A,#N/A,,,,
2025/08/14,#N/A,#N/A,#N/A,#N/A,#N/A,,,,
2025/08/15,309,832.62,367.21,#N/A,#N/A,,,,
